id,latitude,longitude,species_guess,scientific_name,common_name,iconic_taxon_name,taxon_id
5277,51.1419639587,5.1485648155,Stinging Nettle,Urtica dioica,stinging nettle,Plantae,51884
5278,51.1419639587,5.1485648155,Stinging Nettle,Urtica dioica,stinging nettle,Plantae,51884
69449,55.7724846824,-4.1272652149,Stinging Nettle,Urtica dioica,stinging nettle,Plantae,51884
98736,55.779541,12.560758,Stinging Nettle,Urtica dioica,stinging nettle,Plantae,51884
134607,50.0832501,8.9198062,Stinging Nettle,Urtica dioica,stinging nettle,Plantae,51884
296319,45.551202,13.900001,Stinging Nettle,Urtica dioica,stinging nettle,Plantae,51884
484031,51.50997,-0.07652,Stinging Nettle,Urtica dioica,stinging nettle,Plantae,51884
608181,43.684658,11.131724,stinging nettle,Urtica dioica,stinging nettle,Plantae,51884
692263,52.265446,10.535566,Brennessel,Urtica dioica,stinging nettle,Plantae,51884
746717,53.458736,-1.594464,Stinging Nettle,Urtica dioica,stinging nettle,Plantae,51884
787242,56.975648,-2.195091,Stinging Nettle (Urtica dioica),Urtica dioica,stinging nettle,Plantae,51884
889648,41.894039,13.379971,Urtica dioica,Urtica dioica,stinging nettle,Plantae,51884
889837,50.017791,9.047177,Urtica dioica,Urtica dioica,stinging nettle,Plantae,51884
897352,51.313889,12.466667,Stinging Nettle,Urtica dioica,stinging nettle,Plantae,51884
913649,52.864304,-6.933095,Stinging Nettle,Urtica dioica,stinging nettle,Plantae,51884
1087889,41.88595968,12.46293165,stinging nettle,Urtica dioica,stinging nettle,Plantae,51884
1087904,41.88644643,12.46416245,stinging nettle,Urtica dioica,stinging nettle,Plantae,51884
1087912,41.88672792,12.46495123,stinging nettle,Urtica dioica,stinging nettle,Plantae,51884
1087947,41.88488101,12.46835774,stinging nettle,Urtica dioica,stinging nettle,Plantae,51884
1087949,41.88448068,12.46906993,stinging nettle,Urtica dioica,stinging nettle,Plantae,51884
1094319,50.924223,4.327869,Stinging Nettle (Urtica dioica),Urtica dioica,stinging nettle,Plantae,51884
1145564,51.554739,-0.712251,Stinging Nettle (Urtica dioica),Urtica dioica,stinging nettle,Plantae,51884
1288300,51.607947,-0.585596,Stinging Nettle,Urtica dioica,stinging nettle,Plantae,51884
1291998,51.4791656,-0.27614127,Urtica dioica,Urtica dioica,stinging nettle,Plantae,51884
1391022,44.2629833333,19.8974783333,stinging nettle,Urtica dioica,stinging nettle,Plantae,51884
1443976,44.246247,19.929065,stinging nettle,Urtica dioica,stinging nettle,Plantae,51884
1462413,41.876967,2.360019,Stinging Nettle,Urtica dioica,stinging nettle,Plantae,51884
1463251,54.0626721667,-0.3698,Urtica dioica,Urtica dioica,stinging nettle,Plantae,51884
1490147,60.1099577,10.3589193,Slender Nettle (Urtica dioica),Urtica dioica,stinging nettle,Plantae,51884
1490183,52.1644,-2.466763,Stinging Nettle,Urtica dioica,stinging nettle,Plantae,51884
1538077,60.2052,24.6522,Stinging Nettle,Urtica dioica,stinging nettle,Plantae,51884
1538084,60.2052,24.6522,Stinging Nettle,Urtica dioica,stinging nettle,Plantae,51884
1541082,53.7758583333,-8.0922611667,Stinging Nettle,Urtica dioica,stinging nettle,Plantae,51884
1577400,52.204977,5.148347,stinging nettle,Urtica dioica,stinging nettle,Plantae,51884
1587766,51.736611,-1.321804,Stinging Nettle,Urtica dioica,stinging nettle,Plantae,51884
1622755,50.8326383333,4.3445083333,Stinging Nettle,Urtica dioica,stinging nettle,Plantae,51884
1651633,52.627215,-2.486467,Stinging Nettle,Urtica dioica,stinging nettle,Plantae,51884
1792355,60.220604,24.851739,stinging nettle,Urtica dioica,stinging nettle,Plantae,51884
1800506,50.6326408386,3.1796190739,stinging nettle,Urtica dioica,stinging nettle,Plantae,51884
1884654,51.015344,-3.106849,Stinging nettle,Urtica dioica,stinging nettle,Plantae,51884
1884656,51.256298,0.198108,stinging nettle,Urtica dioica,stinging nettle,Plantae,51884
1884657,50.905443,-3.119079,stinging nettle,Urtica dioica,stinging nettle,Plantae,51884
1884658,51.259575,0.204793,stinging nettle,Urtica dioica,stinging nettle,Plantae,51884
1932526,44.76497286,7.065728372,Stinging nettle,Urtica dioica,stinging nettle,Plantae,51884
1939022,51.510049,-0.076508,stinging nettle,Urtica dioica,stinging nettle,Plantae,51884
2002216,42.252192,23.601701,stinging nettle,Urtica dioica,stinging nettle,Plantae,51884
2360501,41.954455,12.629097,Ortica,Urtica dioica,stinging nettle,Plantae,51884
2374839,52.038287,-0.056578,Stinging nettle,Urtica dioica,stinging nettle,Plantae,51884
2407931,43.4737029,11.8463409,stinging nettle,Urtica dioica,stinging nettle,Plantae,51884
2411996,52.881705,-0.670305,Stinging nettle,Urtica dioica,stinging nettle,Plantae,51884
2417009,52.8812,-0.667924,Stinging Nettle,Urtica dioica,stinging nettle,Plantae,51884
2424037,52.943683,-0.618608,stinging nettle,Urtica dioica,stinging nettle,Plantae,51884
2435567,42.0820194,12.6389833,Ortica,Urtica dioica,stinging nettle,Plantae,51884
2439676,45.1742127445,8.2766946964,stinging nettle,Urtica dioica,stinging nettle,Plantae,51884
2441828,52.88169,-0.671236,stinging nettle,Urtica dioica,stinging nettle,Plantae,51884
2442083,52.943683,-0.618608,stinging nettle,Urtica dioica,stinging nettle,Plantae,51884
2442084,52.943683,-0.618608,Grande ortie,Urtica dioica,stinging nettle,Plantae,51884
2443079,52.883324,-0.688362,stinging nettle,Urtica dioica,stinging nettle,Plantae,51884
2460169,42.06622,12.900964,Ortica,Urtica dioica,stinging nettle,Plantae,51884
2471595,45.122724,10.4437,stinging nettle,Urtica dioica,stinging nettle,Plantae,51884
2486587,50.83747598,4.48847932,stinging nettle,Urtica dioica,stinging nettle,Plantae,51884
2610790,52.2186107,-0.0193652,Urtica dioica,Urtica dioica,stinging nettle,Plantae,51884
2706219,45.027694,10.46819,stinging nettle,Urtica dioica,stinging nettle,Plantae,51884
2726633,45.8161233333,8.4341116667,Stinging Nettle,Urtica dioica,stinging nettle,Plantae,51884
2740975,48.024731,16.574286,Große Brennessel,Urtica dioica,stinging nettle,Plantae,51884
2761396,47.0003,6.9423083333,stinging nettle,Urtica dioica,stinging nettle,Plantae,51884
2764462,50.09529438,14.34712445,stinging nettle,Urtica dioica,stinging nettle,Plantae,51884
2874011,42.496783,9.115949,ortie dioïque,Urtica dioica,stinging nettle,Plantae,51884
2917620,42.0380409444,2.2406691944,Ortiga,Urtica dioica,stinging nettle,Plantae,51884
2919493,43.992463,7.318482,stinging nettle,Urtica dioica,stinging nettle,Plantae,51884
2922701,48.108293,11.54904,stinging nettle,Urtica dioica,stinging nettle,Plantae,51884
2927473,43.721262,6.975557,stinging nettle,Urtica dioica,stinging nettle,Plantae,51884
2931575,47.557303,10.74715,Great Nettle,Urtica dioica dioica,Great Nettle,Plantae,53329
3001194,58.296506,14.658584,Urtica dioica,Urtica dioica,stinging nettle,Plantae,51884
3049877,52.0294355695,4.3910483178,stinging nettle,Urtica dioica,stinging nettle,Plantae,51884
3054463,46.9977111111,7.0159444444,Stinging Nettle,Urtica dioica,stinging nettle,Plantae,51884
3059418,52.0233431412,4.3842992093,stinging nettle,Urtica dioica,stinging nettle,Plantae,51884
3117797,45.221334,10.258804,Ortica,Urtica dioica,stinging nettle,Plantae,51884
3165564,63.42582763,10.35493085,stinging nettle,Urtica dioica,stinging nettle,Plantae,51884
3180990,46.0590583333,11.2486283333,stinging nettle,Urtica dioica,stinging nettle,Plantae,51884
3195253,59.1274832,17.9030761,Stinging Nettle,Urtica dioica,stinging nettle,Plantae,51884
3216037,59.908756,10.798788,Stinging Nettle,Urtica dioica,stinging nettle,Plantae,51884
3250249,51.8487783333,-4.66582,Stinging Nettle,Urtica dioica,stinging nettle,Plantae,51884
3250923,51.84712,-4.652145,Grande ortie,Urtica dioica,stinging nettle,Plantae,51884
3266144,45.53868126,9.20904995,Ortica,Urtica dioica,stinging nettle,Plantae,51884
3266444,45.1631821053,10.8087581769,stinging nettle,Urtica dioica,stinging nettle,Plantae,51884
3267843,49.052934,8.585257,stinging nettle,Urtica dioica,stinging nettle,Plantae,51884
3268008,45.14427,10.442953,Stinging Nettle,Urtica dioica,stinging nettle,Plantae,51884
3279864,45.404588,9.716383,Ortica,Urtica dioica,stinging nettle,Plantae,51884
3313157,45.718907,9.815641,stinging nettle,Urtica dioica,stinging nettle,Plantae,51884
3321662,41.927708,12.500046,Ortica,Urtica dioica,stinging nettle,Plantae,51884
3321929,41.616468,13.280437,stinging nettle,Urtica dioica,stinging nettle,Plantae,51884
3331217,44.6956515424,8.8010298375,Stinging Nettle,Urtica dioica,stinging nettle,Plantae,51884
3387985,56.2913202,13.6936367,Stinging Nettle,Urtica dioica,stinging nettle,Plantae,51884
3392712,62.3612091831,6.5580500756,Stinging Nettle,Urtica dioica,stinging nettle,Plantae,51884
3441336,41.8083955381,13.0915567508,Stinging Nettle,Urtica dioica,stinging nettle,Plantae,51884
3454968,46.3072334,10.7414966,Stinging Nettle,Urtica dioica,stinging nettle,Plantae,51884
3465739,41.525236,13.560557,Stinging Nettle,Urtica dioica,stinging nettle,Plantae,51884
3471118,47.0554194444,6.8560416667,Stinging Nettle,Urtica dioica,stinging nettle,Plantae,51884
3478794,42.62096,12.251553,Stinging Nettle,Urtica dioica,stinging nettle,Plantae,51884
3489638,45.226795,10.700502,Stinging Nettle,Urtica dioica,stinging nettle,Plantae,51884
3491619,52.5596658876,13.3990102635,Stinging Nettle,Urtica dioica,stinging nettle,Plantae,51884
3493201,46.989831,16.203781,Stinging Nettle,Urtica dioica,stinging nettle,Plantae,51884
3497484,44.11493,7.285244,Stinging Nettle,Urtica dioica,stinging nettle,Plantae,51884
3541074,41.363599,13.868777,Stinging Nettle,Urtica dioica,stinging nettle,Plantae,51884
3567066,44.816892281,7.4927323288,Stinging Nettle,Urtica dioica,stinging nettle,Plantae,51884
3588415,59.9357524452,10.7574176773,Stinging Nettle,Urtica dioica,stinging nettle,Plantae,51884
3632013,44.1204816779,12.2183203697,Stinging Nettle,Urtica dioica,stinging nettle,Plantae,51884
3636443,51.3508468093,12.4436275259,stinging nettle,Urtica dioica,stinging nettle,Plantae,51884
3637671,51.8274528988,5.8390858769,Stinging Nettle,Urtica dioica,stinging nettle,Plantae,51884
3650003,48.712570996,17.3331427574,Stinging Nettle,Urtica dioica,stinging nettle,Plantae,51884
3655647,41.5888519286,13.13402462,Stinging Nettle,Urtica dioica,stinging nettle,Plantae,51884
3655648,41.5884933469,13.1349639892,Stinging Nettle,Urtica dioica,stinging nettle,Plantae,51884
3672844,45.826945,16.024976,Stinging Nettle,Urtica dioica,stinging nettle,Plantae,51884
3691650,45.13837873,10.4363548,Stinging Nettle,Urtica dioica,stinging nettle,Plantae,51884
3697580,44.111589365,7.2969468387,Stinging Nettle,Urtica dioica,stinging nettle,Plantae,51884
3703049,46.0401205326,10.6318100616,Stinging Nettle,Urtica dioica,stinging nettle,Plantae,51884
3705549,46.6279296875,11.9306383133,Stinging Nettle,Urtica dioica,stinging nettle,Plantae,51884
3728167,47.2524624691,7.3629594594,Ortiga,Urtica dioica,stinging nettle,Plantae,51884
3820405,59.7325879099,17.8018856049,Stinging Nettle,Urtica dioica,stinging nettle,Plantae,51884
3832573,47.21918,8.685881,Stinging nettle,Urtica dioica,stinging nettle,Plantae,51884
3834060,48.5280390119,9.0715603351,Stinging Nettle,Urtica dioica,stinging nettle,Plantae,51884
3849733,54.6542472839,25.3036384583,stinging nettle,Urtica dioica,stinging nettle,Plantae,51884
3877382,44.943961,2.807318,Stinging Nettle,Urtica dioica,stinging nettle,Plantae,51884
3893438,42.5609,12.964374,Stinging Nettle,Urtica dioica,stinging nettle,Plantae,51884
3907766,49.299438,8.547663,Stinging Nettle,Urtica dioica,stinging nettle,Plantae,51884
3922717,56.8700990943,16.6459608078,Stinging Nettle,Urtica dioica,stinging nettle,Plantae,51884
3925407,46.3453128934,7.0043416601,Stinging Nettle,Urtica dioica,stinging nettle,Plantae,51884
3940829,44.5086250305,9.9263086319,Stinging Nettle,Urtica dioica,stinging nettle,Plantae,51884
3952246,46.9930682984,7.5095983408,Stinging Nettle,Urtica dioica,stinging nettle,Plantae,51884
3959758,51.5879200612,21.9740250344,stinging nettle,Urtica dioica,stinging nettle,Plantae,51884
4004314,44.9250002778,7.0657022222,Grande ortie,Urtica dioica,stinging nettle,Plantae,51884
4026501,49.227183,7.003977,Stinging Nettle,Urtica dioica,stinging nettle,Plantae,51884
4031252,47.2181926873,8.6823635548,Stinging Nettle,Urtica dioica,stinging nettle,Plantae,51884
4062578,44.7147894,20.5199397,Stinging Nettle,Urtica dioica,stinging nettle,Plantae,51884
4087334,50.1053695679,8.7133932114,Stinging Nettle,Urtica dioica,stinging nettle,Plantae,51884
4121629,46.4164997637,9.1319561005,Stinging Nettle,Urtica dioica,stinging nettle,Plantae,51884
4138893,46.2067607465,6.1129690893,Stinging Nettle,Urtica dioica,stinging nettle,Plantae,51884
4156858,46.981721,7.489277,Stinging Nettle,Urtica dioica,stinging nettle,Plantae,51884
4181080,46.7886861111,6.6232833333,Stinging Nettle,Urtica dioica,stinging nettle,Plantae,51884
4205575,54.6632537,25.2837431,Grande ortie,Urtica dioica,stinging nettle,Plantae,51884
4218352,47.795221944,8.823028056,Stinging Nettle,Urtica dioica,stinging nettle,Plantae,51884
4222623,47.0256866667,6.9919383333,Stinging Nettle,Urtica dioica,stinging nettle,Plantae,51884
4222920,47.001142,6.954791,Stinging nettle,Urtica dioica,stinging nettle,Plantae,51884
4223036,47.001142,6.954791,Stinging nettle,Urtica dioica,stinging nettle,Plantae,51884
4223266,47.000773,6.950741,Stinging Nettle,Urtica dioica,stinging nettle,Plantae,51884
4231228,46.1663755379,8.8719749451,Stinging Nettle,Urtica dioica,stinging nettle,Plantae,51884
4239625,51.477019,-0.230025,Stinging Nettle,Urtica dioica,stinging nettle,Plantae,51884
4253294,50.8906766667,6.9901416667,Stinging Nettle,Urtica dioica,stinging nettle,Plantae,51884
4275300,51.476752,-0.235133,stinging nettle,Urtica dioica,stinging nettle,Plantae,51884
4284625,45.5365970238,9.2162650726,stinging nettle,Urtica dioica,stinging nettle,Plantae,51884
4290027,42.9061603547,-1.0868654586,Stinging Nettle,Urtica dioica,stinging nettle,Plantae,51884
4303837,55.0975528333,-1.7497666667,Stinging Nettle,Urtica dioica,stinging nettle,Plantae,51884
4306311,51.219572,-1.489012,Stinging Nettle,Urtica dioica,stinging nettle,Plantae,51884
4318230,46.340909286,7.0009777534,stinging nettle,Urtica dioica,stinging nettle,Plantae,51884
4318248,46.3410558605,7.0010047983,Stinging Nettle,Urtica dioica,stinging nettle,Plantae,51884
4318345,46.3411474228,7.001711335,stinging nettle,Urtica dioica,stinging nettle,Plantae,51884
4319174,46.3449304976,6.9937047735,Stinging Nettle,Urtica dioica,stinging nettle,Plantae,51884
4342180,50.0491867065,14.421423912,Stinging Nettle,Urtica dioica,stinging nettle,Plantae,51884
4383566,41.4970205871,13.1890040245,Grande ortie,Urtica dioica,stinging nettle,Plantae,51884
4405209,41.471206665,13.1787824631,Stinging Nettle,Urtica dioica,stinging nettle,Plantae,51884
4421228,41.5373878478,12.9832162856,Stinging Nettle,Urtica dioica,stinging nettle,Plantae,51884
4450186,49.414118471,8.671167599,Stinging Nettle,Urtica dioica,stinging nettle,Plantae,51884
4451572,43.6578297,25.360575,Stinging Nettle,Urtica dioica,stinging nettle,Plantae,51884
4455196,49.4139230345,8.6710670963,Stinging Nettle,Urtica dioica,stinging nettle,Plantae,51884
4499381,45.7887738383,8.7258696556,Stinging Nettle,Urtica dioica,stinging nettle,Plantae,51884
4517484,51.93323153,4.45047269,Stinging Nettle,Urtica dioica,stinging nettle,Plantae,51884
4525547,44.87154207,7.6836198941,Stinging Nettle,Urtica dioica,stinging nettle,Plantae,51884
4531498,42.2280426025,11.8795108794,Stinging Nettle,Urtica dioica,stinging nettle,Plantae,51884
4532679,43.713500793,7.2830665112,Stinging Nettle,Urtica dioica,stinging nettle,Plantae,51884
4541672,46.1643321306,8.8647973537,Stinging Nettle,Urtica dioica,stinging nettle,Plantae,51884
4554349,59.879041,17.627375,Stinging Nettle,Urtica dioica,stinging nettle,Plantae,51884
4576164,46.0412632151,8.7375932337,Stinging Nettle,Urtica dioica,stinging nettle,Plantae,51884
4582079,49.1997871399,16.4819221497,Stinging Nettle,Urtica dioica,stinging nettle,Plantae,51884
4630882,49.312657,8.554702,Stinging Nettle,Urtica dioica,stinging nettle,Plantae,51884
4775205,49.302975,8.532987,stinging nettle,Urtica dioica,stinging nettle,Plantae,51884
4782516,46.1711605291,8.9193749428,Stinging nettle,Urtica dioica,stinging nettle,Plantae,51884
4826587,41.5803621424,12.9539318383,stinging nettle,Urtica dioica,stinging nettle,Plantae,51884
4853231,36.7160916667,-4.4252361111,stinging nettle,Urtica dioica,stinging nettle,Plantae,51884
4858343,40.95460754,-4.13389586,stinging nettle,Urtica dioica,stinging nettle,Plantae,51884
4858907,45.218695,10.234785,stinging nettle,Urtica dioica,stinging nettle,Plantae,51884
4861889,46.1874590671,8.8887012005,Stinging Nettle,Urtica dioica,stinging nettle,Plantae,51884
4923363,43.48477128,11.84401284,Stinging Nettle,Urtica dioica,stinging nettle,Plantae,51884
4927871,38.9197716667,-1.72702,stinging nettle,Urtica dioica,stinging nettle,Plantae,51884
4974600,56.0474875991,-2.7159833908,stinging nettle,Urtica dioica,stinging nettle,Plantae,51884
5000723,49.227158,7.004031,Stinging Nettle,Urtica dioica,stinging nettle,Plantae,51884
5005302,43.76227438,11.24784693,Stinging Nettle,Urtica dioica,stinging nettle,Plantae,51884
5008557,49.227329,7.00372,Stinging Nettle,Urtica dioica,stinging nettle,Plantae,51884
5167749,51.4735800215,-0.2954008989,Stinging Nettle,Urtica dioica,stinging nettle,Plantae,51884
5304123,49.721758,6.1246338,Stinging Nettle,Urtica dioica,stinging nettle,Plantae,51884
5306154,45.1197796,10.2010615,Stinging Nettle,Urtica dioica,stinging nettle,Plantae,51884
5308005,53.1712156271,-1.6121149063,Stinging Nettle,Urtica dioica,stinging nettle,Plantae,51884
5392908,57.7435053542,11.9617938995,Stinging Nettle,Urtica dioica,stinging nettle,Plantae,51884
5432829,51.5021666667,-0.1322583333,Stinging Nettle,Urtica dioica,stinging nettle,Plantae,51884
5442752,43.73012558,11.02243659,Stinging Nettle,Urtica dioica,stinging nettle,Plantae,51884
5445271,45.1820983887,8.2683410645,Stinging Nettle,Urtica dioica,stinging nettle,Plantae,51884
5451056,44.1368418112,12.240778572,Stinging Nettle,Urtica dioica,stinging nettle,Plantae,51884
5455042,48.3463897705,20.0105552673,Ortica,Urtica dioica,stinging nettle,Plantae,51884
5463566,50.1086845398,8.6962852478,Stinging Nettle,Urtica dioica,stinging nettle,Plantae,51884
5463882,50.837895,4.33468285,Stinging Nettle,Urtica dioica,stinging nettle,Plantae,51884
5486507,48.80304472,9.18947032,Ortica,Urtica dioica,stinging nettle,Plantae,51884
5487996,44.7431289184,11.9856380671,Ortica,Urtica dioica,stinging nettle,Plantae,51884
5507429,45.2219061507,10.246328786,Ortica,Urtica dioica,stinging nettle,Plantae,51884
5524902,51.4799931293,-0.1546669225,Stinging Nettle,Urtica dioica,stinging nettle,Plantae,51884
5527136,44.8823436758,7.7020243154,Ortica,Urtica dioica,stinging nettle,Plantae,51884
5599265,45.9997533333,11.3145966667,stinging nettle,Urtica dioica,stinging nettle,Plantae,51884
5611620,52.5267660292,0.276484536,stinging nettle,Urtica dioica,stinging nettle,Plantae,51884
5612847,51.7358697625,-1.3107155822,Ortica,Urtica dioica,stinging nettle,Plantae,51884
5621680,45.118098559,10.536425694,Ortica,Urtica dioica,stinging nettle,Plantae,51884
5673494,47.3866580666,8.5280688107,Stinging Nettle,Urtica dioica,stinging nettle,Plantae,51884
5686590,48.7479029,7.0916836,Ortica,Urtica dioica,stinging nettle,Plantae,51884
5902533,52.2164176824,0.0947179366,stinging nettle,Urtica dioica,stinging nettle,Plantae,51884
5907339,46.3374735089,7.0150018483,stinging nettle,Urtica dioica,stinging nettle,Plantae,51884
5950026,51.42350191,12.2242807,stinging nettle,Urtica dioica,stinging nettle,Plantae,51884
6006611,47.0002527778,6.9363416667,Stinging Nettle,Urtica dioica,stinging nettle,Plantae,51884
6026602,38.1700109919,-7.0298965536,stinging nettle,Urtica dioica,stinging nettle,Plantae,51884
6072866,46.1276568747,7.07639679,Stinging Nettle,Urtica dioica,stinging nettle,Plantae,51884
6137527,46.3447117433,6.9947875477,stinging nettle,Urtica dioica,stinging nettle,Plantae,51884
6137538,46.3446823229,6.9948135316,Ortica,Urtica dioica,stinging nettle,Plantae,51884
6149344,47.2214897024,8.6832035054,Stinging nettle,Urtica dioica,stinging nettle,Plantae,51884
6149538,47.22196454,8.68357798,Stinging nettle,Urtica dioica,stinging nettle,Plantae,51884
6168395,59.36842,18.0667916667,Ortica,Urtica dioica,stinging nettle,Plantae,51884
6168579,57.0178606566,-2.1792497634,Ortica,Urtica dioica,stinging nettle,Plantae,51884
6191499,47.6613333333,9.4768033333,stinging nettle,Urtica dioica,stinging nettle,Plantae,51884
6194005,56.3341692159,-2.8145170212,stinging nettle,Urtica dioica,stinging nettle,Plantae,51884
6204121,46.9227790833,6.6227779388,Stinging nettle,Urtica dioica,stinging nettle,Plantae,51884
6233457,50.93019646,4.33214966,stinging nettle,Urtica dioica,stinging nettle,Plantae,51884
6282766,45.6844209999,9.3428612128,stinging nettle,Urtica dioica,stinging nettle,Plantae,51884
6283570,45.639549,9.33068,stinging nettle,Urtica dioica,stinging nettle,Plantae,51884
6284199,45.6721375,9.4926417,stinging nettle,Urtica dioica,stinging nettle,Plantae,51884
6284276,45.7224960327,9.6487913132,stinging nettle,Urtica dioica,stinging nettle,Plantae,51884
6285149,45.6913933333,9.0469016667,stinging nettle,Urtica dioica,stinging nettle,Plantae,51884
6299569,45.1631700489,10.8094200119,Urtica dioica,Urtica dioica,stinging nettle,Plantae,51884
6299819,45.5379517636,9.2071104034,stinging nettle,Urtica dioica,stinging nettle,Plantae,51884
6301711,44.6803217089,14.7542134186,stinging nettle,Urtica dioica,stinging nettle,Plantae,51884
6307603,51.450675,-0.2364716667,stinging nettle,Urtica dioica,stinging nettle,Plantae,51884
6315263,51.0888290405,3.7198123932,stinging nettle,Urtica dioica,stinging nettle,Plantae,51884
6315714,48.1494674273,11.5878263209,stinging nettle,Urtica dioica,stinging nettle,Plantae,51884
6316438,45.1629498892,10.8094918048,stinging nettle,Urtica dioica,stinging nettle,Plantae,51884
6320092,45.81757161,9.02474,stinging nettle,Urtica dioica,stinging nettle,Plantae,51884
6330939,47.3868794879,8.5127130803,Stinging Nettle,Urtica dioica,stinging nettle,Plantae,51884
6354978,48.223225,11.1565138889,stinging nettle,Urtica dioica,stinging nettle,Plantae,51884
6356945,50.7671928406,12.9316701889,stinging nettle,Urtica dioica,stinging nettle,Plantae,51884
6402438,49.7146687442,19.2674821615,stinging nettle,Urtica dioica,stinging nettle,Plantae,51884
6443093,51.0888129474,12.6400714648,stinging nettle,Urtica dioica,stinging nettle,Plantae,51884
6444052,59.80145,10.6137716667,stinging nettle,Urtica dioica,stinging nettle,Plantae,51884
6444349,51.1030540466,12.5675001144,stinging nettle,Urtica dioica,stinging nettle,Plantae,51884
6445869,42.2076224769,2.1971505415,stinging nettle,Urtica dioica,stinging nettle,Plantae,51884
6446172,47.696461916,9.4374811649,Ortica,Urtica dioica,stinging nettle,Plantae,51884
6468413,45.83876045,10.70624057,Ortica,Urtica dioica,stinging nettle,Plantae,51884
6529953,59.9858166667,29.7707166667,stinging nettle,Urtica dioica,stinging nettle,Plantae,51884
6549649,49.315007,8.525605,stinging nettle,Urtica dioica,stinging nettle,Plantae,51884
6559067,50.640075,-3.780745,stinging nettle,Urtica dioica,stinging nettle,Plantae,51884
6573174,58.3922716667,26.7135633333,stinging nettle,Urtica dioica,stinging nettle,Plantae,51884
6586691,50.937531,6.9602786,stinging nettle,Urtica dioica,stinging nettle,Plantae,51884
6589063,60.21582129,24.8868354,stinging nettle,Urtica dioica,stinging nettle,Plantae,51884
6589309,49.2970883333,14.4736466667,stinging nettle,Urtica dioica,stinging nettle,Plantae,51884
6645266,45.5341423,9.2192751,Ortica,Urtica dioica,stinging nettle,Plantae,51884
6664154,51.7853283333,10.6467383333,stinging nettle,Urtica dioica,stinging nettle,Plantae,51884
6671085,59.1480407166,17.4655528553,stinging nettle,Urtica dioica,stinging nettle,Plantae,51884
6677877,45.036629,10.499473,Ortica,Urtica dioica,stinging nettle,Plantae,51884
6681300,52.517575,13.3715966667,Ortica,Urtica dioica,stinging nettle,Plantae,51884
6701955,57.6839675903,11.9516267776,Stinging nettle,Urtica dioica,stinging nettle,Plantae,51884
6704330,54.2015690327,24.3456786081,Ortica,Urtica dioica,stinging nettle,Plantae,51884
6705771,49.1631798975,7.7570718527,stinging nettle,Urtica dioica,stinging nettle,Plantae,51884
6752528,59.36665,18.0550221667,Ortiga,Urtica dioica,stinging nettle,Plantae,51884
6788703,59.4394454956,24.7605552673,stinging nettle,Urtica dioica,stinging nettle,Plantae,51884
6791264,47.6243666667,9.5304916667,stinging nettle,Urtica dioica,stinging nettle,Plantae,51884
6796805,46.1592790159,9.9775895476,stinging nettle,Urtica dioica,stinging nettle,Plantae,51884
6822681,43.8574679,18.4232969,Stinging nettle,Urtica dioica,stinging nettle,Plantae,51884
6847040,45.52552,9.1884116667,Ortica,Urtica dioica,stinging nettle,Plantae,51884
6887930,51.0049861167,-3.1307721667,stinging nettle,Urtica dioica,stinging nettle,Plantae,51884
6887931,57.2659833333,17.0203083333,stinging nettle,Urtica dioica,stinging nettle,Plantae,51884
6901895,59.9482333333,10.7421166667,stinging nettle,Urtica dioica,stinging nettle,Plantae,51884
6903632,46.1466026111,11.2169494444,Ortica,Urtica dioica,stinging nettle,Plantae,51884
6904870,46.8340944444,26.4326333333,stinging nettle,Urtica dioica,stinging nettle,Plantae,51884
6928082,44.6960894638,7.5754008254,stinging nettle,Urtica dioica,stinging nettle,Plantae,51884
6941334,47.363575,8.5231716667,stinging nettle,Urtica dioica,stinging nettle,Plantae,51884
6956354,53.3053927521,9.8790984322,stinging nettle,Urtica dioica,stinging nettle,Plantae,51884
7010607,59.148131325,17.4652034138,stinging nettle,Urtica dioica,stinging nettle,Plantae,51884
7025198,58.425555,8.7626366667,stinging nettle,Urtica dioica,stinging nettle,Plantae,51884
7048601,56.0971501284,9.7286721692,stinging nettle,Urtica dioica,stinging nettle,Plantae,51884
7062905,50.937531,6.9602786,Stinging Nettle,Urtica dioica,stinging nettle,Plantae,51884
7066347,42.4360616667,1.9476966667,Ortica,Urtica dioica,stinging nettle,Plantae,51884
7088487,59.9234569839,10.7155099578,stinging nettle,Urtica dioica,stinging nettle,Plantae,51884
7088530,46.6653692862,8.0800275877,Stinging nettle,Urtica dioica,stinging nettle,Plantae,51884
7093126,58.45798,8.76283,stinging nettle,Urtica dioica,stinging nettle,Plantae,51884
7116587,54.43182,-3.0332971667,stinging nettle,Urtica dioica,stinging nettle,Plantae,51884
7118332,57.2659866667,17.0215638333,stinging nettle,Urtica dioica,stinging nettle,Plantae,51884
7118947,53.32467,-4.573187,stinging nettle,Urtica dioica,stinging nettle,Plantae,51884
7157667,45.7310762164,4.6837551054,stinging nettle,Urtica dioica,stinging nettle,Plantae,51884
7158963,50.937531,6.9602786,Stinging Nettle,Urtica dioica,stinging nettle,Plantae,51884
7161673,54.75246564,24.76558367,stinging nettle,Urtica dioica,stinging nettle,Plantae,51884
7170814,50.7324840452,4.446085327,stinging nettle,Urtica dioica,stinging nettle,Plantae,51884
7185214,59.36171335,18.01771386,stinging nettle,Urtica dioica,stinging nettle,Plantae,51884
7185417,46.5067791883,11.3816693053,Great Nettle,Urtica dioica dioica,Great Nettle,Plantae,53329
7185790,50.969955,-4.0722805,stinging nettle,Urtica dioica,stinging nettle,Plantae,51884
7192694,50.4550083333,-3.856445,stinging nettle,Urtica dioica,stinging nettle,Plantae,51884
7192764,50.4670533333,-3.8585766667,stinging nettle,Urtica dioica,stinging nettle,Plantae,51884
7193164,55.60658505,-4.68696695,stinging nettle,Urtica dioica,stinging nettle,Plantae,51884
7194336,54.8644711739,12.5533702164,stinging nettle,Urtica dioica,stinging nettle,Plantae,51884
7204814,59.3298044,18.12904736,stinging nettle,Urtica dioica,stinging nettle,Plantae,51884
7205058,59.32541048,18.14122899,stinging nettle,Urtica dioica,stinging nettle,Plantae,51884
7218959,59.88829721,10.59972678,stinging nettle,Urtica dioica,stinging nettle,Plantae,51884
7219061,59.89160176,10.6118826,stinging nettle,Urtica dioica,stinging nettle,Plantae,51884
7220185,59.8759152632,11.1399588061,Stinging nettle,Urtica dioica,stinging nettle,Plantae,51884
7258835,55.7922210693,37.6638870239,stinging nettle,Urtica dioica,stinging nettle,Plantae,51884
7263876,51.1953433333,-2.7774166667,stinging nettle,Urtica dioica,stinging nettle,Plantae,51884
7276797,55.7102775574,37.537776947,stinging nettle,Urtica dioica,stinging nettle,Plantae,51884
7278554,48.0909872788,16.2968755944,Ortica,Urtica dioica,stinging nettle,Plantae,51884
7292304,57.7708358765,40.9456520081,stinging nettle,Urtica dioica,stinging nettle,Plantae,51884
7294336,42.3923537176,1.8484893708,stinging nettle,Urtica dioica,stinging nettle,Plantae,51884
7323244,56.06857604,12.55489491,stinging nettle,Urtica dioica,stinging nettle,Plantae,51884
7344963,60.289375,11.1631555,Ortica,Urtica dioica,stinging nettle,Plantae,51884
7358873,51.0743233333,6.987825,Ortica,Urtica dioica,stinging nettle,Plantae,51884
7372633,46.8675308228,7.5550775528,stinging nettle,Urtica dioica,stinging nettle,Plantae,51884
7404767,43.43425289,-5.07221129,stinging nettle,Urtica dioica,stinging nettle,Plantae,51884
7424975,55.8033332825,37.4405555725,stinging nettle,Urtica dioica,stinging nettle,Plantae,51884
7437935,42.5432717241,13.4617797285,stinging nettle,Urtica dioica,stinging nettle,Plantae,51884
7462377,55.8800010681,37.4597206116,stinging nettle,Urtica dioica,stinging nettle,Plantae,51884
7463516,55.8797225952,37.4597206116,stinging nettle,Urtica dioica,stinging nettle,Plantae,51884
7473662,52.3923971729,7.2870489373,stinging nettle,Urtica dioica,stinging nettle,Plantae,51884
7478407,55.5849990845,36.7480545044,stinging nettle,Urtica dioica,stinging nettle,Plantae,51884
7510496,53.0489685523,18.7160789947,stinging nettle,Urtica dioica,stinging nettle,Plantae,51884
7523438,50.7744533333,6.0469611667,Stinging nettle,Urtica dioica,stinging nettle,Plantae,51884
7523593,48.5242933369,-2.7676534653,Stinging nettle,Urtica dioica,stinging nettle,Plantae,51884
7533192,54.7661666302,-5.6928606627,stinging nettle,Urtica dioica,stinging nettle,Plantae,51884
7543409,51.7362716667,14.3631116667,stinging nettle,Urtica dioica,stinging nettle,Plantae,51884
7546657,46.1138785332,11.7752388601,Ortica,Urtica dioica,stinging nettle,Plantae,51884
7555927,43.6440166667,-7.3953083333,Ortica,Urtica dioica,stinging nettle,Plantae,51884
7555935,50.7637775783,3.0433721468,stinging nettle,Urtica dioica,stinging nettle,Plantae,51884
7558107,61.633195,16.908968,stinging nettle,Urtica dioica,stinging nettle,Plantae,51884
7560574,60.3772716667,5.3821283333,stinging nettle,Urtica dioica,stinging nettle,Plantae,51884
7583758,47.6167233333,9.5621033333,stinging nettle,Urtica dioica,stinging nettle,Plantae,51884
7584886,62.6025764395,29.7381048011,Ortica,Urtica dioica,stinging nettle,Plantae,51884
7585318,62.6172121523,29.7079036141,stinging nettle,Urtica dioica,stinging nettle,Plantae,51884
7602256,55.8695023321,-4.2933940329,stinging nettle,Urtica dioica,stinging nettle,Plantae,51884
7605086,47.4052716667,8.376155,Stinging Nettle,Urtica dioica,stinging nettle,Plantae,51884
7618784,47.1672777778,6.866675,Stinging nettle,Urtica dioica,stinging nettle,Plantae,51884
7642139,55.7792633333,12.4710283333,stinging nettle,Urtica dioica,stinging nettle,Plantae,51884
7642348,49.321069,8.544134,stinging nettle,Urtica dioica,stinging nettle,Plantae,51884
7645089,53.232755,50.163411,Grande ortie,Urtica dioica,stinging nettle,Plantae,51884
7649986,52.1091031284,-10.4741109442,stinging nettle,Urtica dioica,stinging nettle,Plantae,51884
7687062,51.2289466667,-0.3627866667,stinging nettle,Urtica dioica,stinging nettle,Plantae,51884
7697938,50.4613876343,30.4161109924,Grande ortie,Urtica dioica,stinging nettle,Plantae,51884
7699196,50.915775,14.1508016667,stinging nettle,Urtica dioica,stinging nettle,Plantae,51884
7742793,57.7574844167,11.8321246944,stinging nettle,Urtica dioica,stinging nettle,Plantae,51884
7750298,51.2304283333,-0.35695,stinging nettle,Urtica dioica,stinging nettle,Plantae,51884
7762193,51.3441050565,12.3423300404,stinging nettle,Urtica dioica,stinging nettle,Plantae,51884
7818209,56.3842066667,-5.1546516667,stinging nettle,Urtica dioica,stinging nettle,Plantae,51884
7818502,57.3241483333,-4.4445083333,stinging nettle,Urtica dioica,stinging nettle,Plantae,51884
7835185,46.3390347641,7.0089788642,Stinging nettle,Urtica dioica,stinging nettle,Plantae,51884
7838487,52.9857020974,-1.4826393127,stinging nettle,Urtica dioica,stinging nettle,Plantae,51884
7840907,56.3438133333,-6.38919,stinging nettle,Urtica dioica,stinging nettle,Plantae,51884
7858964,51.3482355327,12.4348795787,stinging nettle,Urtica dioica,stinging nettle,Plantae,51884
7859689,60.2135665,24.9782779,stinging nettle,Urtica dioica,stinging nettle,Plantae,51884
7860110,49.129914913,5.4264159906,stinging nettle,Urtica dioica,stinging nettle,Plantae,51884
7862775,48.2180404663,11.766872406,Stinging Nettle,Urtica dioica,stinging nettle,Plantae,51884
7865189,63.3963340199,10.4679875567,stinging nettle,Urtica dioica,stinging nettle,Plantae,51884
7897414,56.1291066667,-5.492625,stinging nettle,Urtica dioica,stinging nettle,Plantae,51884
7906955,52.5183472084,13.4032828762,,Urtica dioica,stinging nettle,Plantae,51884
7943483,51.2847063564,1.0768873601,stinging nettle,Urtica dioica,stinging nettle,Plantae,51884
7947859,56.1333471667,-3.9414333333,stinging nettle,Urtica dioica,stinging nettle,Plantae,51884
7948770,56.2266972802,10.575250727,stinging nettle,Urtica dioica,stinging nettle,Plantae,51884
7959280,44.8455454968,8.0177736841,stinging nettle,Urtica dioica,stinging nettle,Plantae,51884
7960122,45.765475,23.9075966667,stinging nettle,Urtica dioica,stinging nettle,Plantae,51884
7961915,51.3353434951,12.2915547341,stinging nettle,Urtica dioica,stinging nettle,Plantae,51884
7977318,60.16364,-1.108575,stinging nettle,Urtica dioica,stinging nettle,Plantae,51884
7985542,51.0930888333,1.1475278333,,Urtica dioica,stinging nettle,Plantae,51884
7991340,50.9127533333,14.16581,stinging nettle,Urtica dioica,stinging nettle,Plantae,51884
8006944,49.380853,8.569947,stinging nettle,Urtica dioica,stinging nettle,Plantae,51884
8012220,50.9359444335,-1.3724809885,Stinging nettle,Urtica dioica,stinging nettle,Plantae,51884
8021838,53.560417,50.296028,Stinging nettle,Urtica dioica,stinging nettle,Plantae,51884
8024765,53.9758133333,-1.1370638333,stinging nettle,Urtica dioica,stinging nettle,Plantae,51884
8031649,54.8898998,-3.6744056,stinging nettle,Urtica dioica,stinging nettle,Plantae,51884
8050003,44.7104127,20.5252568,stinging nettle,Urtica dioica,stinging nettle,Plantae,51884
8087895,55.5173377991,21.1116771698,stinging nettle,Urtica dioica,stinging nettle,Plantae,51884
8101584,55.79203,37.7985166667,stinging nettle,Urtica dioica,stinging nettle,Plantae,51884
8135756,52.40746373,0.98967248,urtica dioica,Urtica dioica,stinging nettle,Plantae,51884
8151873,46.3409262675,7.0030950227,Stinging nettle,Urtica dioica,stinging nettle,Plantae,51884
8151876,46.3410064344,7.0030178691,Stinging nettle,Urtica dioica,stinging nettle,Plantae,51884
8152482,45.5296664319,9.2081598614,stinging nettle,Urtica dioica,stinging nettle,Plantae,51884
8167394,46.3411841356,7.0030102786,Stinging Nettle,Urtica dioica,stinging nettle,Plantae,51884
8181584,55.8660693788,-4.3001630304,stinging nettle,Urtica dioica,stinging nettle,Plantae,51884
8189629,44.765665,-0.6324683333,stinging nettle,Urtica dioica,stinging nettle,Plantae,51884
8201616,59.9336128235,30.356388092,stinging nettle,Urtica dioica,stinging nettle,Plantae,51884
8201748,55.7383346558,37.6513900757,stinging nettle,Urtica dioica,stinging nettle,Plantae,51884
8201950,55.8427772522,37.6349983215,stinging nettle,Urtica dioica,stinging nettle,Plantae,51884
8223885,44.7104127,20.5252568,stinging nettle,Urtica dioica,stinging nettle,Plantae,51884
8239878,51.8992,4.3424366667,,Urtica dioica,stinging nettle,Plantae,51884
8249179,50.67383525,-3.46871853,stinging nettle,Urtica dioica,stinging nettle,Plantae,51884
8250072,50.6792131301,-3.56671572,stinging nettle,Urtica dioica,stinging nettle,Plantae,51884
8253594,58.5967140198,23.0823173523,stinging nettle,Urtica dioica,stinging nettle,Plantae,51884
8294116,60.25629318,25.03560506,stinging nettle,Urtica dioica,stinging nettle,Plantae,51884
8301894,54.0206833333,-1.201445,Stinging nettle,Urtica dioica,stinging nettle,Plantae,51884
8315338,44.7761166667,-0.621555,stinging nettle,Urtica dioica,stinging nettle,Plantae,51884
8324284,51.90075,4.3479616667,,Urtica dioica,stinging nettle,Plantae,51884
8325764,45.1175393735,10.5352596939,Ortica,Urtica dioica,stinging nettle,Plantae,51884
8325990,45.1180496941,10.53760495,stinging nettle,Urtica dioica,stinging nettle,Plantae,51884
8356673,56.1440170371,-3.9157680888,Stinging nettle,Urtica dioica,stinging nettle,Plantae,51884
8356702,56.87850973,10.20112103,stinging nettle,Urtica dioica,stinging nettle,Plantae,51884
8389234,44.7667966667,-0.619515,stinging nettle,Urtica dioica,stinging nettle,Plantae,51884
8400916,51.1618111667,7.1357333333,stinging nettle,Urtica dioica,stinging nettle,Plantae,51884
8404354,51.4441006766,-0.2993026343,stinging nettle,Urtica dioica,stinging nettle,Plantae,51884
8411283,55.69008033,12.59416122,Stinging Nettle,Urtica dioica,stinging nettle,Plantae,51884
8416463,50.4555549622,30.5422229767,stinging nettle,Urtica dioica,stinging nettle,Plantae,51884
8416953,50.386390686,30.6491661072,stinging nettle,Urtica dioica,stinging nettle,Plantae,51884
8451301,49.319404,8.536967,stinging nettle,Urtica dioica,stinging nettle,Plantae,51884
8453169,50.1101431597,8.7357529253,Stinging nettle,Urtica dioica,stinging nettle,Plantae,51884
8463897,64.08880279,23.41017841,stinging nettle,Urtica dioica,stinging nettle,Plantae,51884
8466150,54.3476611032,9.2260038862,stinging nettle,Urtica dioica,stinging nettle,Plantae,51884
8475861,55.8153714147,10.0526060723,stinging nettle,Urtica dioica,stinging nettle,Plantae,51884
8488263,51.39334891,-2.34397489,stinging nettle,Urtica dioica,stinging nettle,Plantae,51884
8492365,55.793888092,37.4230537415,Stinging nettle,Urtica dioica,stinging nettle,Plantae,51884
8502564,48.9630916667,2.157725,stinging nettle,Urtica dioica,stinging nettle,Plantae,51884
8503796,48.6194297563,2.2919432032,stinging nettle,Urtica dioica,stinging nettle,Plantae,51884
8508032,50.952795,3.7146916667,Stinging nettle,Urtica dioica,stinging nettle,Plantae,51884
8509326,44.7745566667,-0.6329283333,stinging nettle,Urtica dioica,stinging nettle,Plantae,51884
8509327,44.7745866667,-0.633015,stinging nettle,Urtica dioica,stinging nettle,Plantae,51884
8509546,44.765075,-0.6048733333,stinging nettle,Urtica dioica,stinging nettle,Plantae,51884
8548952,44.788495,-0.62169,Stinging nettle,Urtica dioica,stinging nettle,Plantae,51884
8561474,44.76062,-0.6388033333,Stinging nettle,Urtica dioica,stinging nettle,Plantae,51884
8561500,44.7640983333,-0.6121866667,Stinging nettle,Urtica dioica,stinging nettle,Plantae,51884
8578481,46.9559599003,7.4608540535,Stinging nettle,Urtica dioica,stinging nettle,Plantae,51884
8587413,51.22512219,6.95205419,Stinging nettle,Urtica dioica,stinging nettle,Plantae,51884
8606192,44.76688,-0.6427333333,Stinging nettle,Urtica dioica,stinging nettle,Plantae,51884
8614180,53.3244588195,-0.7411398028,Stinging nettle,Urtica dioica,stinging nettle,Plantae,51884
8617805,55.94314924,-3.2602826,stinging nettle,Urtica dioica,stinging nettle,Plantae,51884
8628250,51.0844611667,1.1550528333,Stinging nettle,Urtica dioica,stinging nettle,Plantae,51884
8643300,49.0596666951,8.5813479421,Stinging nettle,Urtica dioica,stinging nettle,Plantae,51884
8646901,44.762505,-0.6269316667,Stinging nettle,Urtica dioica,stinging nettle,Plantae,51884
8647525,44.7477633333,-0.6552,Stinging nettle,Urtica dioica,stinging nettle,Plantae,51884
8647585,44.758435,-0.6592183333,Stinging nettle,Urtica dioica,stinging nettle,Plantae,51884
8653196,50.21667099,4.9497470856,Ortica,Urtica dioica,stinging nettle,Plantae,51884
8679386,44.842378886,11.634689457,Stinging nettle,Urtica dioica,stinging nettle,Plantae,51884
8679644,47.507885,9.7777766667,stinging nettle,Urtica dioica,stinging nettle,Plantae,51884
8731338,49.222547,7.014481,Stinging nettle,Urtica dioica,stinging nettle,Plantae,51884
8749631,45.532846218,9.2130037397,Ortica,Urtica dioica,stinging nettle,Plantae,51884
8749645,45.532453317,9.2132770199,Stinging nettle,Urtica dioica,stinging nettle,Plantae,51884
8749649,45.5323870155,9.2133065779,Ortica,Urtica dioica,stinging nettle,Plantae,51884
8798582,50.4099998474,30.6980552673,Stinging nettle,Urtica dioica,stinging nettle,Plantae,51884
8808491,44.7703783333,-0.6020966667,Stinging nettle,Urtica dioica,stinging nettle,Plantae,51884
8849000,50.93495678,4.31088636,Stinging nettle,Urtica dioica,stinging nettle,Plantae,51884
8861821,50.8103366667,3.7013966667,Stinging nettle,Urtica dioica,stinging nettle,Plantae,51884
8865918,51.5722953124,-0.7222060294,Stinging nettle,Urtica dioica,stinging nettle,Plantae,51884
8907486,51.7030766667,7.8151066667,Stinging nettle,Urtica dioica,stinging nettle,Plantae,51884
9018737,49.326811,8.558822,Stinging nettle,Urtica dioica,stinging nettle,Plantae,51884
9042394,46.5652338681,6.8945431709,Stinging nettle,Urtica dioica,stinging nettle,Plantae,51884
9133241,46.3984861236,6.886458993,Stinging nettle,Urtica dioica,stinging nettle,Plantae,51884
9170445,49.224776,7.009546,Stinging Nettle,Urtica dioica,stinging nettle,Plantae,51884
9249214,50.703975,-3.5079783333,Stinging Nettle,Urtica dioica,stinging nettle,Plantae,51884
9257582,45.7977506477,20.1465332508,Stinging Nettle,Urtica dioica,stinging nettle,Plantae,51884
9355859,44.742994133,11.9702770561,stinging nettle,Urtica dioica,stinging nettle,Plantae,51884
9429279,51.4785771802,-0.3157927459,stinging nettle,Urtica dioica,stinging nettle,Plantae,51884
9459025,47.6218083333,9.5384266667,stinging nettle,Urtica dioica,stinging nettle,Plantae,51884
9469421,45.194369408,10.3269108425,ortica,Urtica dioica,stinging nettle,Plantae,51884
9469993,47.20779527,7.97413341,ortica,Urtica dioica,stinging nettle,Plantae,51884
9549841,45.1848373413,10.4902629852,ortica,Urtica dioica,stinging nettle,Plantae,51884
9550303,45.2097854614,10.5207586288,ortica,Urtica dioica,stinging nettle,Plantae,51884
9574622,45.2198659666,10.4081726074,grande ortie,Urtica dioica,stinging nettle,Plantae,51884
9671972,45.092986,7.584536,grande ortie,Urtica dioica,stinging nettle,Plantae,51884
9751687,46.9834071072,7.4980139639,stinging nettle,Urtica dioica,stinging nettle,Plantae,51884
9837731,52.3807702778,5.2342063889,stinging nettle,Urtica dioica,stinging nettle,Plantae,51884
9884892,51.5393567175,-0.329714386,stinging nettle,Urtica dioica,stinging nettle,Plantae,51884
9905158,53.2459711586,14.4759292644,grande ortie,Urtica dioica,stinging nettle,Plantae,51884
9961261,51.3294321803,-0.541770544,stinging nettle,Urtica dioica,stinging nettle,Plantae,51884
9965730,51.4810989239,-0.2963625547,stinging nettle,Urtica dioica,stinging nettle,Plantae,51884
9966058,51.4751212439,-0.3046779893,stinging nettle,Urtica dioica,stinging nettle,Plantae,51884
9966115,51.4812244731,-0.2887773719,stinging nettle,Urtica dioica,stinging nettle,Plantae,51884
9966546,51.4805433054,-0.2964209765,stinging nettle,Urtica dioica,stinging nettle,Plantae,51884
9981931,46.2860611111,10.6733944444,stinging nettle,Urtica dioica,stinging nettle,Plantae,51884
10024232,50.2834672313,-4.8044167758,stinging nettle,Urtica dioica,stinging nettle,Plantae,51884
10222167,43.27252,-2.9312283333,stinging nettle,Urtica dioica,stinging nettle,Plantae,51884
10324157,42.8886912409,-8.5446962718,Grande ortie,Urtica dioica,stinging nettle,Plantae,51884
10330580,51.4125299252,-0.3571439123,stinging nettle,Urtica dioica,stinging nettle,Plantae,51884
10330596,51.4089361523,-0.3471370151,stinging nettle,Urtica dioica,stinging nettle,Plantae,51884
10372019,45.63118419,9.374483116,Grande ortie,Urtica dioica,stinging nettle,Plantae,51884
10419771,45.60503,9.285587,Ortica,Urtica dioica,stinging nettle,Plantae,51884
10488694,48.0902778333,16.29683,stinging nettle,Urtica dioica,stinging nettle,Plantae,51884
10504551,44.1118388333,12.3364883333,Grande ortie,Urtica dioica,stinging nettle,Plantae,51884
10507531,50.1670720755,8.735264428,Große Brennessel,Urtica dioica,stinging nettle,Plantae,51884
10511320,37.3347166667,-5.8597766667,Grande ortie,Urtica dioica,stinging nettle,Plantae,51884
10524736,50.89237,7.0566445,stinging nettle,Urtica dioica,stinging nettle,Plantae,51884
10525215,53.1415830556,14.907575,stinging nettle,Urtica dioica,stinging nettle,Plantae,51884
10525338,51.4407999689,-0.2347846625,stinging nettle,Urtica dioica,stinging nettle,Plantae,51884
10543679,51.748263,-1.216551,stinging nettle,Urtica dioica,stinging nettle,Plantae,51884
10544340,36.6225605895,-6.3706240654,Grande ortie,Urtica dioica,stinging nettle,Plantae,51884
10551273,47.0001722222,6.942425,stinging nettle,Urtica dioica,stinging nettle,Plantae,51884
10570806,51.2675121055,4.9726072233,stinging nettle,Urtica dioica,stinging nettle,Plantae,51884
10589229,49.3008952556,16.7492990485,stinging nettle,Urtica dioica,stinging nettle,Plantae,51884
10611340,49.163095841,9.1825871542,Große Brennessel,Urtica dioica,stinging nettle,Plantae,51884
10611448,47.8659516667,9.29875,Grande ortie,Urtica dioica,stinging nettle,Plantae,51884
10615119,51.1535240301,-2.7803590894,stinging nettle,Urtica dioica,stinging nettle,Plantae,51884
10618389,48.2607944444,7.3746777778,stinging nettle,Urtica dioica,stinging nettle,Plantae,51884
10655358,51.4790539971,-0.3069059472,stinging nettle,Urtica dioica,stinging nettle,Plantae,51884
10679345,51.1227111667,12.5687416667,Große Brennessel,Urtica dioica,stinging nettle,Plantae,51884
10680714,40.8922480482,14.2179718986,Grande ortie,Urtica dioica,stinging nettle,Plantae,51884
10690699,51.43307,-0.3215533333,stinging nettle,Urtica dioica,stinging nettle,Plantae,51884
10698937,51.5393165009,-0.3298904589,stinging nettle,Urtica dioica,stinging nettle,Plantae,51884
10702862,52.8981637785,-1.2312849525,stinging nettle,Urtica dioica,stinging nettle,Plantae,51884
10708458,47.6158633333,9.583615,Grande ortie,Urtica dioica,stinging nettle,Plantae,51884
10722786,45.1197556978,10.5395237356,ortica,Urtica dioica,stinging nettle,Plantae,51884
10727415,47.6532749952,8.6566082912,Grande ortie,Urtica dioica,stinging nettle,Plantae,51884
10750691,47.2185021826,8.6808746774,stinging nettle,Urtica dioica,stinging nettle,Plantae,51884
10751097,47.6365116667,9.5411766667,Grande ortie,Urtica dioica,stinging nettle,Plantae,51884
10772570,42.3441464,12.3583792,ortica,Urtica dioica,stinging nettle,Plantae,51884
10852259,51.349175,0.5260883333,stinging nettle,Urtica dioica,stinging nettle,Plantae,51884
10852473,45.3249783333,10.6712216667,Grande ortie,Urtica dioica,stinging nettle,Plantae,51884
10855545,46.9782989659,9.5844676439,ortica,Urtica dioica,stinging nettle,Plantae,51884
10856423,47.3376076193,8.5253294559,Grande ortie,Urtica dioica,stinging nettle,Plantae,51884
10890092,47.628565,9.6607666667,Grande ortie,Urtica dioica,stinging nettle,Plantae,51884
10894891,51.7213776196,-1.3020852394,stinging nettle,Urtica dioica,stinging nettle,Plantae,51884
10899361,51.3961100299,-2.8518925142,stinging nettle,Urtica dioica,stinging nettle,Plantae,51884
10899999,51.7291085272,-1.2995351966,stinging nettle,Urtica dioica,stinging nettle,Plantae,51884
10901141,45.2928455898,10.5111416687,Grande ortie,Urtica dioica,stinging nettle,Plantae,51884
10902961,53.4221420288,14.5127859116,stinging nettle,Urtica dioica,stinging nettle,Plantae,51884
10904245,49.8604623869,0.7137385011,stinging nettle,Urtica dioica,stinging nettle,Plantae,51884
10918182,51.0346583333,4.917365,stinging nettle,Urtica dioica,stinging nettle,Plantae,51884
10952013,51.7249892944,-1.3033506031,stinging nettle,Urtica dioica,stinging nettle,Plantae,51884
10952048,51.7241583998,-1.301703779,stinging nettle,Urtica dioica,stinging nettle,Plantae,51884
10952377,51.7244512,-1.3015923,stinging nettle,Urtica dioica,stinging nettle,Plantae,51884
10962373,51.0777778625,12.5411109924,stinging nettle,Urtica dioica,stinging nettle,Plantae,51884
10963380,51.6249306,24.9619749,stinging nettle,Urtica dioica,stinging nettle,Plantae,51884
10964170,50.9163283333,12.8810416667,Große Brennessel,Urtica dioica,stinging nettle,Plantae,51884
10966637,50.5971422839,4.3161301967,Grande ortie,Urtica dioica,stinging nettle,Plantae,51884
10967362,51.0547676086,3.6824657917,stinging nettle,Urtica dioica,stinging nettle,Plantae,51884
10967416,55.88587125,9.9071921,stinging nettle,Urtica dioica,stinging nettle,Plantae,51884
10974681,53.1539080556,14.9059547222,stinging nettle,Urtica dioica,stinging nettle,Plantae,51884
10974725,53.1590297222,14.9091480556,stinging nettle,Urtica dioica,stinging nettle,Plantae,51884
10975845,51.4800978588,-0.2964116692,stinging nettle,Urtica dioica,stinging nettle,Plantae,51884
11003237,55.7461128235,22.5049991608,stinging nettle,Urtica dioica,stinging nettle,Plantae,51884
11003796,50.8917611093,-0.0101283565,stinging nettle,Urtica dioica,stinging nettle,Plantae,51884
11005412,52.0210592572,5.5468912497,Grande ortie,Urtica dioica,stinging nettle,Plantae,51884
11012510,51.4537053975,-2.605513176,stinging nettle,Urtica dioica,stinging nettle,Plantae,51884
11012511,51.4537000613,-2.6054493202,stinging nettle,Urtica dioica,stinging nettle,Plantae,51884
11012774,51.4538097225,-2.6053273955,stinging nettle,Urtica dioica,stinging nettle,Plantae,51884
11012830,51.50275384,-2.63625974,stinging nettle,Urtica dioica,stinging nettle,Plantae,51884
11012949,51.45364526,-2.6052344,stinging nettle,Urtica dioica,stinging nettle,Plantae,51884
11019495,51.7242647384,-1.3017075542,stinging nettle,Urtica dioica,stinging nettle,Plantae,51884
11020092,50.8066487918,0.1561997831,stinging nettle,Urtica dioica,stinging nettle,Plantae,51884
11064083,50.83918644,4.37735578,stinging nettle,Urtica dioica,stinging nettle,Plantae,51884
11065463,47.2209394724,8.6821951624,stinging nettle,Urtica dioica,stinging nettle,Plantae,51884
11066586,47.2235110822,8.6849807203,stinging nettle,Urtica dioica,stinging nettle,Plantae,51884
11107233,51.37432447,-2.40233426,Grande ortie,Urtica dioica,stinging nettle,Plantae,51884
11162242,51.486457,-0.315249,Stinging Nettle,Urtica dioica,stinging nettle,Plantae,51884
11169871,51.2019638624,2.9744076077,Grande ortie,Urtica dioica,stinging nettle,Plantae,51884
11175619,53.1363380556,14.906475,ortica,Urtica dioica,stinging nettle,Plantae,51884
11218563,50.7129824797,16.3579559326,stinging nettle,Urtica dioica,stinging nettle,Plantae,51884
11224508,51.49271141,-2.63873409,stinging nettle,Urtica dioica,stinging nettle,Plantae,51884
11240122,52.2764818445,10.577967992,stinging nettle,Urtica dioica,stinging nettle,Plantae,51884
11258491,51.7290908814,-1.3059997559,stinging nettle,Urtica dioica,stinging nettle,Plantae,51884
11313153,52.2750575416,-2.0861840094,stinging nettle,Urtica dioica,stinging nettle,Plantae,51884
11316979,51.9463756111,0.6541094894,stinging nettle,Urtica dioica,stinging nettle,Plantae,51884
11325298,49.3935525232,2.9300918781,Grande ortie,Urtica dioica,stinging nettle,Plantae,51884
11325434,42.3853164353,1.1139850225,ortiga,Urtica dioica,stinging nettle,Plantae,51884
11341458,44.0452646066,19.590450637,Grande ortie,Urtica dioica,stinging nettle,Plantae,51884
11365591,51.625702,5.166289,Grande ortie,Urtica dioica,stinging nettle,Plantae,51884
11371211,44.961288185,14.5268957886,stinging nettle,Urtica dioica,stinging nettle,Plantae,51884
11387974,54.9018211365,37.7407341003,stinging nettle,Urtica dioica,stinging nettle,Plantae,51884
11388461,60.0072651498,30.3893573955,stinging nettle,Urtica dioica,stinging nettle,Plantae,51884
11389655,50.8641099651,4.6854415443,stinging nettle,Urtica dioica,stinging nettle,Plantae,51884
11389935,49.958859142,3.9724319335,Grande ortie,Urtica dioica,stinging nettle,Plantae,51884
11393225,50.4064650026,30.5036737089,stinging nettle,Urtica dioica,stinging nettle,Plantae,51884
11393995,51.4964990897,-2.6654432883,stinging nettle,Urtica dioica,stinging nettle,Plantae,51884
11394783,51.473838,-0.304803,stinging nettle,Urtica dioica,stinging nettle,Plantae,51884
11395085,53.4400063889,14.5775130556,stinging nettle,Urtica dioica,stinging nettle,Plantae,51884
11412718,54.6431972925,24.0226476453,stinging nettle,Urtica dioica,stinging nettle,Plantae,51884
11449483,55.8243217468,37.5897521973,stinging nettle,Urtica dioica,stinging nettle,Plantae,51884
11456188,51.1396170854,17.503452301,stinging nettle,Urtica dioica,stinging nettle,Plantae,51884
11478745,52.5167236328,13.456029892,Grande ortie,Urtica dioica,stinging nettle,Plantae,51884
11480259,50.1331378127,14.3938765302,Grande ortie,Urtica dioica,stinging nettle,Plantae,51884
11482530,51.4026483754,-2.6059717499,stinging nettle,Urtica dioica,stinging nettle,Plantae,51884
11483066,51.5011226673,-2.6601315093,stinging nettle,Urtica dioica,stinging nettle,Plantae,51884
11483711,50.1203395426,14.6278188821,kopřiva dvoudomá,Urtica dioica,stinging nettle,Plantae,51884
11485519,51.4027442932,-2.6069641113,stinging nettle,Urtica dioica,stinging nettle,Plantae,51884
11485761,51.44956155,-2.59753785,stinging nettle,Urtica dioica,stinging nettle,Plantae,51884
11488508,51.5167388916,-0.0957041681,stinging nettle,Urtica dioica,stinging nettle,Plantae,51884
11488674,51.4322366667,-0.3217216667,stinging nettle,Urtica dioica,stinging nettle,Plantae,51884
11491832,51.5167388916,-0.0957041681,stinging nettle,Urtica dioica,stinging nettle,Plantae,51884
11494436,50.119865231,14.6327350917,kopřiva dvoudomá,Urtica dioica,stinging nettle,Plantae,51884
11500144,51.4588350277,-2.5988248601,stinging nettle,Urtica dioica,stinging nettle,Plantae,51884
11505427,50.0857935838,14.2960909009,kopřiva dvoudomá,Urtica dioica,stinging nettle,Plantae,51884
11517422,50.4257963598,-4.121388495,stinging nettle,Urtica dioica,stinging nettle,Plantae,51884
11521360,50.13334311,14.55567206,kopřiva dvoudomá,Urtica dioica,stinging nettle,Plantae,51884
11525774,51.5014953613,-0.3467888832,stinging nettle,Urtica dioica,stinging nettle,Plantae,51884
11527160,51.3916366667,-2.4063333333,stinging nettle,Urtica dioica,stinging nettle,Plantae,51884
11529581,51.4516677856,-2.5961110592,stinging nettle,Urtica dioica,stinging nettle,Plantae,51884
11535156,51.479021092,-2.5766938459,stinging nettle,Urtica dioica,stinging nettle,Plantae,51884
11535585,53.1429580556,14.8747930556,stinging nettle,Urtica dioica,stinging nettle,Plantae,51884
11535693,53.1425330556,14.87382,stinging nettle,Urtica dioica,stinging nettle,Plantae,51884
11537466,50.0132416667,14.5094666667,Grande ortie,Urtica dioica,stinging nettle,Plantae,51884
11587426,51.4237069432,-2.5103451312,stinging nettle,Urtica dioica,stinging nettle,Plantae,51884
11590287,51.39210565,-2.40620689,stinging nettle,Urtica dioica,stinging nettle,Plantae,51884
11590943,51.3906155248,-2.3469111789,stinging nettle,Urtica dioica,stinging nettle,Plantae,51884
11592366,51.4302556474,-2.5601837996,stinging nettle,Urtica dioica,stinging nettle,Plantae,51884
11592905,50.2287016667,14.0712183333,Grande ortie,Urtica dioica,stinging nettle,Plantae,51884
11593762,51.47379483,-2.5882195,stinging nettle,Urtica dioica,stinging nettle,Plantae,51884
11598320,51.4162264299,-2.494562678,stinging nettle,Urtica dioica,stinging nettle,Plantae,51884
11600006,51.4556200525,-2.5888041521,stinging nettle,Urtica dioica,stinging nettle,Plantae,51884
11612860,51.441178266,-0.2064790484,stinging nettle,Urtica dioica,stinging nettle,Plantae,51884
11619533,51.3985314757,-2.3487178981,stinging nettle,Urtica dioica,stinging nettle,Plantae,51884
11622205,50.1030840353,14.4208024722,kopřiva dvoudomá,Urtica dioica,stinging nettle,Plantae,51884
11631637,51.4489212036,-2.5902349949,Grande ortie,Urtica dioica,stinging nettle,Plantae,51884
11636884,51.4729092323,-2.5809603184,stinging nettle,Urtica dioica,stinging nettle,Plantae,51884
11642942,45.3067711394,10.4011047252,stinging nettle,Urtica dioica,stinging nettle,Plantae,51884
11647112,51.448890686,-2.5838890076,stinging nettle,Urtica dioica,stinging nettle,Plantae,51884
11647345,51.4700855685,-2.6177862303,stinging nettle,Urtica dioica,stinging nettle,Plantae,51884
11648589,51.4770822321,-2.5581823289,stinging nettle,Urtica dioica,stinging nettle,Plantae,51884
11649389,51.5325132258,0.097621344,stinging nettle,Urtica dioica,stinging nettle,Plantae,51884
11653859,51.448890686,-2.5902776718,stinging nettle,Urtica dioica,stinging nettle,Plantae,51884
11656656,50.0510638333,14.5347116667,kopřiva dvoudomá,Urtica dioica,stinging nettle,Plantae,51884
11666319,51.442779541,-2.5650000572,stinging nettle,Urtica dioica,stinging nettle,Plantae,51884
11667954,51.3780555725,-2.3622221947,stinging nettle,Urtica dioica,stinging nettle,Plantae,51884
11669249,51.3794441223,-2.3636112213,stinging nettle,Urtica dioica,stinging nettle,Plantae,51884
11669310,51.3797225952,-2.3630554676,stinging nettle,Urtica dioica,stinging nettle,Plantae,51884
11669711,51.4975013733,-2.6044445038,stinging nettle,Urtica dioica,stinging nettle,Plantae,51884
11726583,50.0843349,14.4035028,kopřiva dvoudomá,Urtica dioica,stinging nettle,Plantae,51884
11726677,51.3641097676,-2.5446305517,stinging nettle,Urtica dioica,stinging nettle,Plantae,51884
11726720,51.5079047112,-0.1608373225,stinging nettle,Urtica dioica,stinging nettle,Plantae,51884
11727076,51.37441991,-2.40078696,stinging nettle,Urtica dioica,stinging nettle,Plantae,51884
11727106,51.4420218252,-2.5119846314,stinging nettle,Urtica dioica,stinging nettle,Plantae,51884
11728045,51.34821082,-2.94075022,stinging nettle,Urtica dioica,stinging nettle,Plantae,51884
11729391,51.5045934232,-0.1723611776,stinging nettle,Urtica dioica,stinging nettle,Plantae,51884
11730551,51.5047035217,-0.1719216406,stinging nettle,Urtica dioica,stinging nettle,Plantae,51884
11731143,51.4421116667,-2.593005,stinging nettle,Urtica dioica,stinging nettle,Plantae,51884
11731803,51.3809638471,-2.3455585912,stinging nettle,Urtica dioica,stinging nettle,Plantae,51884
11732077,51.3453711859,-2.6076427718,stinging nettle,Urtica dioica,stinging nettle,Plantae,51884
11732353,51.4554410891,-2.484102655,stinging nettle,Urtica dioica,stinging nettle,Plantae,51884
11732556,51.4553301037,-2.4841768295,stinging nettle,Urtica dioica,stinging nettle,Plantae,51884
11735025,51.3447582545,-2.6068411864,stinging nettle,Urtica dioica,stinging nettle,Plantae,51884
11735585,51.44657008,-2.59660049,stinging nettle,Urtica dioica,stinging nettle,Plantae,51884
11736037,51.373936669,-2.3415640276,stinging nettle,Urtica dioica,stinging nettle,Plantae,51884
11736102,51.436668396,-2.4836111069,stinging nettle,Urtica dioica,stinging nettle,Plantae,51884
11736537,51.50784401,-0.16127993,stinging nettle,Urtica dioica,stinging nettle,Plantae,51884
11737845,50.4161524354,-4.095351873,stinging nettle,Urtica dioica,stinging nettle,Plantae,51884
11739504,51.5080727684,-0.1620871481,stinging nettle,Urtica dioica,stinging nettle,Plantae,51884
11740608,51.4913953,-2.584842,stinging nettle,Urtica dioica,stinging nettle,Plantae,51884
11741424,46.3420965965,17.3591974005,stinging nettle,Urtica dioica,stinging nettle,Plantae,51884
11746671,51.4526221845,-2.6086089706,stinging nettle,Urtica dioica,stinging nettle,Plantae,51884
11746894,51.32607435,-2.89329856,stinging nettle,Urtica dioica,stinging nettle,Plantae,51884
11752241,51.44614356,-2.60931919,stinging nettle,Urtica dioica,stinging nettle,Plantae,51884
11752632,51.3998655417,-2.4497955199,stinging nettle,Urtica dioica,stinging nettle,Plantae,51884
11759572,50.13088907,14.54572403,kopřiva dvoudomá,Urtica dioica,stinging nettle,Plantae,51884
11762329,41.8404981774,2.2823557723,ortiga,Urtica dioica,stinging nettle,Plantae,51884
11768932,51.39582863,0.12179103,stinging nettle,Urtica dioica,stinging nettle,Plantae,51884
11775046,47.7310340231,6.7079492658,Grande ortie,Urtica dioica,stinging nettle,Plantae,51884
11782231,51.4599990845,-2.6208333969,stinging nettle,Urtica dioica,stinging nettle,Plantae,51884
11783369,51.4769161866,-2.5766435545,stinging nettle,Urtica dioica,stinging nettle,Plantae,51884
11798166,59.2763187062,16.5455818176,stinging nettle,Urtica dioica,stinging nettle,Plantae,51884
11798274,59.2763187062,16.5455818176,stinging nettle,Urtica dioica,stinging nettle,Plantae,51884
11800755,51.18117219,0.09504328,stinging nettle,Urtica dioica,stinging nettle,Plantae,51884
11803781,51.5647239685,-2.6649999619,stinging nettle,Urtica dioica,stinging nettle,Plantae,51884
11804087,51.5736122131,-2.6952776909,stinging nettle,Urtica dioica,stinging nettle,Plantae,51884
11804435,51.5663871765,-2.6852777004,stinging nettle,Urtica dioica,stinging nettle,Plantae,51884
11804596,51.4599990845,-2.6208333969,stinging nettle,Urtica dioica,stinging nettle,Plantae,51884
11805565,51.4619445801,-2.55027771,stinging nettle,Urtica dioica,stinging nettle,Plantae,51884
11805723,51.4627761841,-2.5499999523,stinging nettle,Urtica dioica,stinging nettle,Plantae,51884
11806422,51.4599990845,-2.5463888645,stinging nettle,Urtica dioica,stinging nettle,Plantae,51884
11857665,51.4879081725,-2.5891224481,stinging nettle,Urtica dioica,stinging nettle,Plantae,51884
11858166,51.4622772,-2.5924293,stinging nettle,Urtica dioica,stinging nettle,Plantae,51884
11858892,51.3918294278,-2.4143534599,stinging nettle,Urtica dioica,stinging nettle,Plantae,51884
11859164,51.4839069872,-2.5938535295,stinging nettle,Urtica dioica,stinging nettle,Plantae,51884
11860054,51.4870248875,-2.5910282414,stinging nettle,Urtica dioica,stinging nettle,Plantae,51884
11863430,51.4764484783,-2.6887966745,stinging nettle,Urtica dioica,stinging nettle,Plantae,51884
11864160,50.282403055,-4.0595273692,stinging nettle,Urtica dioica,stinging nettle,Plantae,51884
11864207,50.2023317976,-4.0464518167,stinging nettle,Urtica dioica,stinging nettle,Plantae,51884
11866425,51.5328446031,-2.6143975742,stinging nettle,Urtica dioica,stinging nettle,Plantae,51884
11866618,50.3182553403,-4.0343089925,stinging nettle,Urtica dioica,stinging nettle,Plantae,51884
11866848,51.49857356,-2.53511195,stinging nettle,Urtica dioica,stinging nettle,Plantae,51884
11872364,51.488876408,-2.5558022875,stinging nettle,Urtica dioica,stinging nettle,Plantae,51884
11876578,51.4906816604,-2.5584091432,stinging nettle,Urtica dioica,stinging nettle,Plantae,51884
11876948,51.4895920549,-2.5565943774,stinging nettle,Urtica dioica,stinging nettle,Plantae,51884
11879230,51.47830956,-2.4836034,stinging nettle,Urtica dioica,stinging nettle,Plantae,51884
11883465,51.45963,-2.597946,stinging nettle,Urtica dioica,stinging nettle,Plantae,51884
11887326,51.6698,-0.068879,stinging nettle,Urtica dioica,stinging nettle,Plantae,51884
11888242,50.0973293977,14.464235818,kopřiva dvoudomá,Urtica dioica,stinging nettle,Plantae,51884
11890559,51.45963,-2.597946,stinging nettle,Urtica dioica,stinging nettle,Plantae,51884
11892890,51.465225,-2.55585,stinging nettle,Urtica dioica,stinging nettle,Plantae,51884
11897320,51.4555087,-2.6014374,stinging nettle,Urtica dioica,stinging nettle,Plantae,51884
11899903,51.5030166667,-0.1317528333,,Urtica dioica,stinging nettle,Plantae,51884
11900448,51.3819625509,-2.3698385339,stinging nettle,Urtica dioica,stinging nettle,Plantae,51884
11900765,51.4375603503,-2.5646443952,stinging nettle,Urtica dioica,stinging nettle,Plantae,51884
11903099,53.2273986943,-9.1332285846,stinging nettle,Urtica dioica,stinging nettle,Plantae,51884
11904568,51.4484416667,-2.5775966667,stinging nettle,Urtica dioica,stinging nettle,Plantae,51884
11905744,53.0723830556,14.8999563889,stinging nettle,Urtica dioica,stinging nettle,Plantae,51884
11909302,45.3994444444,11.8661111111,ortica,Urtica dioica,stinging nettle,Plantae,51884
11909322,51.5379337487,-2.5567784293,stinging nettle,Urtica dioica,stinging nettle,Plantae,51884
11911954,51.4971232469,-2.3591047525,stinging nettle,Urtica dioica,stinging nettle,Plantae,51884
11917812,50.1318961625,14.3960018831,kopřiva dvoudomá,Urtica dioica,stinging nettle,Plantae,51884
11927069,51.535972151,-2.5518161058,stinging nettle,Urtica dioica,stinging nettle,Plantae,51884
11932636,51.5392087244,-2.5575345755,stinging nettle,Urtica dioica,stinging nettle,Plantae,51884
11933167,51.5409703914,-2.5539135933,stinging nettle,Urtica dioica,stinging nettle,Plantae,51884
11934764,51.3664766874,-2.3943516988,stinging nettle,Urtica dioica,stinging nettle,Plantae,51884
11935004,51.4389116667,-2.58602,stinging nettle,Urtica dioica,stinging nettle,Plantae,51884
11982292,50.9009010718,4.6896340884,stinging nettle,Urtica dioica,stinging nettle,Plantae,51884
11986635,50.014815403,14.6197798663,kopřiva dvoudomá,Urtica dioica,stinging nettle,Plantae,51884
11992381,48.0301310867,7.8619328141,Große Brennessel,Urtica dioica,stinging nettle,Plantae,51884
11993283,44.8201366667,8.6044716667,ortica,Urtica dioica,stinging nettle,Plantae,51884
11997217,45.5197067261,9.1883363724,isonokkonen,Urtica dioica,stinging nettle,Plantae,51884
11999357,57.1046361667,35.3540166667,stinging nettle,Urtica dioica,stinging nettle,Plantae,51884
12004479,51.3937638889,-2.3487891667,stinging nettle,Urtica dioica,stinging nettle,Plantae,51884
12004640,51.3370284685,-2.6035244018,stinging nettle,Urtica dioica,stinging nettle,Plantae,51884
12039473,50.8861053422,4.476928725,stinging nettle,Urtica dioica,stinging nettle,Plantae,51884
12049738,51.4511111111,-2.6244444444,stinging nettle,Urtica dioica,stinging nettle,Plantae,51884
12050276,51.4472222222,-2.6188888889,stinging nettle,Urtica dioica,stinging nettle,Plantae,51884
12050609,51.4530555556,-2.6238888889,stinging nettle,Urtica dioica,stinging nettle,Plantae,51884
12051432,51.0918922424,12.6848430634,stinging nettle,Urtica dioica,stinging nettle,Plantae,51884
12054851,51.4633331299,-2.6352777481,stinging nettle,Urtica dioica,stinging nettle,Plantae,51884
12054948,51.4563903809,-2.6369445324,stinging nettle,Urtica dioica,stinging nettle,Plantae,51884
12057461,51.4558334351,-2.6413888931,stinging nettle,Urtica dioica,stinging nettle,Plantae,51884
12057470,51.4555549622,-2.6411111355,stinging nettle,Urtica dioica,stinging nettle,Plantae,51884
12063478,51.4368563907,-2.5244672969,stinging nettle,Urtica dioica,stinging nettle,Plantae,51884
12081945,51.4555549622,-2.6458332539,stinging nettle,Urtica dioica,stinging nettle,Plantae,51884
12082138,51.4530563354,-2.6238889694,stinging nettle,Urtica dioica,stinging nettle,Plantae,51884
12082152,51.4219436646,-2.6286110878,stinging nettle,Urtica dioica,stinging nettle,Plantae,51884
12082175,51.4530563354,-2.6238889694,stinging nettle,Urtica dioica,stinging nettle,Plantae,51884
12082214,51.4219436646,-2.6286110878,stinging nettle,Urtica dioica,stinging nettle,Plantae,51884
12082245,51.4519462585,-2.6347222328,stinging nettle,Urtica dioica,stinging nettle,Plantae,51884
12082268,51.4513893127,-2.6375000477,stinging nettle,Urtica dioica,stinging nettle,Plantae,51884
12082354,51.4541664124,-2.6263887882,stinging nettle,Urtica dioica,stinging nettle,Plantae,51884
12085439,51.4508323669,-2.6244444847,stinging nettle,Urtica dioica,stinging nettle,Plantae,51884
12085454,51.4491653442,-2.6183333397,stinging nettle,Urtica dioica,stinging nettle,Plantae,51884
12085480,51.4508323669,-2.6236112118,stinging nettle,Urtica dioica,stinging nettle,Plantae,51884
12094282,52.1756289593,-2.798205238,stinging nettle,Urtica dioica,stinging nettle,Plantae,51884
12126417,51.4555524337,-2.6417688467,stinging nettle,Urtica dioica,stinging nettle,Plantae,51884
12130646,56.0276569846,-3.3047107514,stinging nettle,Urtica dioica,stinging nettle,Plantae,51884
12132757,47.0475388889,7.0433027778,stinging nettle,Urtica dioica,stinging nettle,Plantae,51884
12136448,51.3334032402,6.9094722146,stinging nettle,Urtica dioica,stinging nettle,Plantae,51884
12154777,50.1688685723,8.6229610677,Große Brennessel,Urtica dioica,stinging nettle,Plantae,51884
12157396,44.50965358,12.21385295,stinging nettle,Urtica dioica,stinging nettle,Plantae,51884
12159022,51.7930199321,-2.5930634513,stinging nettle,Urtica dioica,stinging nettle,Plantae,51884
12170663,51.440775,0.0508466667,stinging nettle,Urtica dioica,stinging nettle,Plantae,51884
12195129,51.384351134,-2.3463599664,stinging nettle,Urtica dioica,stinging nettle,Plantae,51884
12196008,52.9046409719,-2.8822051319,stinging nettle,Urtica dioica,stinging nettle,Plantae,51884
12202663,53.88868497,35.6138748,stinging nettle,Urtica dioica,stinging nettle,Plantae,51884
12205435,51.06542,-1.316215,stinging nettle,Urtica dioica,stinging nettle,Plantae,51884
12261457,55.4898202304,8.4934371013,stinging nettle,Urtica dioica,stinging nettle,Plantae,51884
12261542,55.4913624516,8.4856619127,Grande ortie,Urtica dioica,stinging nettle,Plantae,51884
12264189,51.787928562,-0.7170625624,stinging nettle,Urtica dioica,stinging nettle,Plantae,51884
12264849,51.7622895843,-0.725619207,stinging nettle,Urtica dioica,stinging nettle,Plantae,51884
12265460,49.6859977577,14.208227098,stinging nettle,Urtica dioica,stinging nettle,Plantae,51884
12268297,54.8315352,23.2544342,stinging nettle,Urtica dioica,stinging nettle,Plantae,51884
12287972,55.9968795776,22.9305686951,stinging nettle,Urtica dioica,stinging nettle,Plantae,51884
12288014,55.9968795776,22.9305686951,stinging nettle,Urtica dioica,stinging nettle,Plantae,51884
12288724,55.4907831364,8.4899637569,stinging nettle,Urtica dioica,stinging nettle,Plantae,51884
12290131,51.4236455722,-0.1834555645,stinging nettle,Urtica dioica,stinging nettle,Plantae,51884
12290473,55.4907477648,8.4903094266,stinging nettle,Urtica dioica,stinging nettle,Plantae,51884
12292562,51.5282242,-0.1456315,stinging nettle,Urtica dioica,stinging nettle,Plantae,51884
12322927,59.3762133333,18.0343861667,stinging nettle,Urtica dioica,stinging nettle,Plantae,51884
12332866,50.8187333333,-3.4878783333,stinging nettle,Urtica dioica,stinging nettle,Plantae,51884
12352620,47.3290833333,8.3865416667,stinging nettle,Urtica dioica,stinging nettle,Plantae,51884
12375057,50.1747937959,27.0573262037,stinging nettle,Urtica dioica,stinging nettle,Plantae,51884
12385626,47.624109,9.5412276,Grande ortie,Urtica dioica,stinging nettle,Plantae,51884
12391731,51.431825,-0.1039416667,stinging nettle,Urtica dioica,stinging nettle,Plantae,51884
12409322,50.9904819865,5.360929853,stinging nettle,Urtica dioica,stinging nettle,Plantae,51884
12422738,54.3739306,-2.9376445,stinging nettle,Urtica dioica,stinging nettle,Plantae,51884
12444915,56.9613792468,37.5232918281,Крапива,Urtica dioica,stinging nettle,Plantae,51884
12446401,50.6678123474,11.5572061539,stinging nettle,Urtica dioica,stinging nettle,Plantae,51884
12448335,60.1859784,24.9733783,stinging nettle,Urtica dioica,stinging nettle,Plantae,51884
12456465,51.1285439959,12.4978501502,stinging nettle,Urtica dioica,stinging nettle,Plantae,51884
12486232,51.5825500488,-2.8229653835,stinging nettle,Urtica dioica,stinging nettle,Plantae,51884
12512904,62.9250070133,23.0360476223,stinging nettle,Urtica dioica,stinging nettle,Plantae,51884
12538811,55.9139342101,37.4573845318,stinging nettle,Urtica dioica,stinging nettle,Plantae,51884
12539868,50.9760704041,-1.3984003067,stinging nettle,Urtica dioica,stinging nettle,Plantae,51884
12545329,49.42736945,11.02685017,Grande ortie,Urtica dioica,stinging nettle,Plantae,51884
12545525,57.382245,-4.3332,stinging nettle,Urtica dioica,stinging nettle,Plantae,51884
12580201,49.956442637,3.9702587761,ortica,Urtica dioica,stinging nettle,Plantae,51884
12598160,50.5814547206,5.5778077057,Grande ortie,Urtica dioica,stinging nettle,Plantae,51884
12600572,45.7794121044,9.517826736,ortica,Urtica dioica,stinging nettle,Plantae,51884
12602479,51.3749335287,-2.5247492641,stinging nettle,Urtica dioica,stinging nettle,Plantae,51884
12623148,43.9737508062,19.5665863529,stinging nettle,Urtica dioica,stinging nettle,Plantae,51884
12634843,50.80109307,-1.57006728,stinging nettle,Urtica dioica,stinging nettle,Plantae,51884
12678212,50.0399390935,14.6756741032,kopřiva dvoudomá,Urtica dioica,stinging nettle,Plantae,51884
12702228,55.741795362,12.4887736235,stinging nettle,Urtica dioica,stinging nettle,Plantae,51884
12703665,50.0243843347,14.4581575971,stinging nettle,Urtica dioica,stinging nettle,Plantae,51884
12705290,51.1835279742,4.4098431608,stinging nettle,Urtica dioica,stinging nettle,Plantae,51884
12708921,51.6546993284,-4.0521584172,stinging nettle,Urtica dioica,stinging nettle,Plantae,51884
12711044,52.2792169386,10.599259615,Große Brennessel,Urtica dioica,stinging nettle,Plantae,51884
12712672,53.0958804908,-4.1171382833,stinging nettle,Urtica dioica,stinging nettle,Plantae,51884
12733036,56.1837322964,10.1838633232,Grande ortie,Urtica dioica,stinging nettle,Plantae,51884
12733698,53.1539252373,5.6822437048,stinging nettle,Urtica dioica,stinging nettle,Plantae,51884
12734797,54.6913855518,25.2761853241,stinging nettle,Urtica dioica,stinging nettle,Plantae,51884
12735663,51.0465744211,12.5343704224,stinging nettle,Urtica dioica,stinging nettle,Plantae,51884
12748969,59.5210037231,17.9329891205,stinging nettle,Urtica dioica,stinging nettle,Plantae,51884
12764396,53.4592383435,-1.966419965,stinging nettle,Urtica dioica,stinging nettle,Plantae,51884
12765512,57.5808463125,9.9711643115,stinging nettle,Urtica dioica,stinging nettle,Plantae,51884
12765678,51.3591852294,-2.6201587299,stinging nettle,Urtica dioica,stinging nettle,Plantae,51884
12766199,55.85817272,23.33147064,stinging nettle,Urtica dioica,stinging nettle,Plantae,51884
12767467,55.6507083333,-3.1992283333,stinging nettle,Urtica dioica,stinging nettle,Plantae,51884
12767622,55.3696369487,10.3880324462,stinging nettle,Urtica dioica,stinging nettle,Plantae,51884
12773329,51.260877,0.19564,stinging nettle,Urtica dioica,stinging nettle,Plantae,51884
12776394,56.159825,-3.9122833333,stinging nettle,Urtica dioica,stinging nettle,Plantae,51884
12792187,55.3796164817,10.3737300378,stinging nettle,Urtica dioica,stinging nettle,Plantae,51884
12792618,55.8583050734,23.3317517583,stinging nettle,Urtica dioica,stinging nettle,Plantae,51884
12798499,51.6246858705,0.3056208696,Grande ortie,Urtica dioica,stinging nettle,Plantae,51884
12799814,51.4335166145,-0.1913606662,stinging nettle,Urtica dioica,stinging nettle,Plantae,51884
12799874,51.261744,0.205055,stinging nettle,Urtica dioica,stinging nettle,Plantae,51884
12820760,51.265892,0.204809,stinging nettle,Urtica dioica,stinging nettle,Plantae,51884
12829123,48.4031889,9.5077636,stinging nettle,Urtica dioica,stinging nettle,Plantae,51884
12829213,48.4924333333,9.3948916667,Grande ortie,Urtica dioica,stinging nettle,Plantae,51884
12829693,59.9803333,30.2438745,stinging nettle,Urtica dioica,stinging nettle,Plantae,51884
12831910,48.1104628271,-1.6954179481,Grande ortie,Urtica dioica,stinging nettle,Plantae,51884
12843559,54.1375721667,-2.4952,stinging nettle,Urtica dioica,stinging nettle,Plantae,51884
12853474,59.843988251,10.7865064871,stinging nettle,Urtica dioica,stinging nettle,Plantae,51884
12855718,49.601425,6.1605716667,stinging nettle,Urtica dioica,stinging nettle,Plantae,51884
12855725,49.6009216667,6.156795,stinging nettle,Urtica dioica,stinging nettle,Plantae,51884
12873826,51.476613,-0.319024,stinging nettle,Urtica dioica,stinging nettle,Plantae,51884
12885230,55.8578957432,23.3306866698,stinging nettle,Urtica dioica,stinging nettle,Plantae,51884
12885641,59.9536094666,30.3041667938,stinging nettle,Urtica dioica,stinging nettle,Plantae,51884
12886903,56.042281813,9.9405577127,stinging nettle,Urtica dioica,stinging nettle,Plantae,51884
12886946,56.042915443,9.9415353779,stinging nettle,Urtica dioica,stinging nettle,Plantae,51884
12890951,44.9804066667,5.4375783333,stinging nettle,Urtica dioica,stinging nettle,Plantae,51884
12896906,55.6907491107,9.5348037779,stinging nettle,Urtica dioica,stinging nettle,Plantae,51884
12899983,51.6476083333,-0.8845366667,stinging nettle,Urtica dioica,stinging nettle,Plantae,51884
12918716,53.396,-1.7383616667,stinging nettle,Urtica dioica,stinging nettle,Plantae,51884
12924208,50.465385,30.3714366667,stinging nettle,Urtica dioica,stinging nettle,Plantae,51884
12926057,45.2961283333,10.5222583333,stinging nettle,Urtica dioica,stinging nettle,Plantae,51884
12950288,59.9770203,30.3942694,stinging nettle,Urtica dioica,stinging nettle,Plantae,51884
12959378,51.0461561148,12.5348597162,stinging nettle,Urtica dioica,stinging nettle,Plantae,51884
12974498,60.2327919006,25.1188335419,stinging nettle,Urtica dioica,stinging nettle,Plantae,51884
12976825,53.506472,49.942111,stinging nettle,Urtica dioica,stinging nettle,Plantae,51884
12978397,55.6982957423,37.7663522893,Крапива,Urtica dioica,stinging nettle,Plantae,51884
12978936,57.4525070603,15.7703509153,stinging nettle,Urtica dioica,stinging nettle,Plantae,51884
12979440,51.0433388333,12.53652,stinging nettle,Urtica dioica,stinging nettle,Plantae,51884
12983100,51.262347,0.199746,stinging nettle,Urtica dioica,stinging nettle,Plantae,51884
12983449,47.0771,6.8583,stinging nettle,Urtica dioica,stinging nettle,Plantae,51884
12985987,52.1644,-2.466763,Stinging Nettle,Urtica dioica,stinging nettle,Plantae,51884
13005090,54.7035331726,25.3278636932,stinging nettle,Urtica dioica,stinging nettle,Plantae,51884
13005175,51.258353,0.197974,stinging nettle,Urtica dioica,stinging nettle,Plantae,51884
13005959,54.8501804706,25.4790225666,stinging nettle,Urtica dioica,stinging nettle,Plantae,51884
13006817,51.777619403,5.9374583608,stinging nettle,Urtica dioica,stinging nettle,Plantae,51884
13010421,48.091171664,20.3996042485,stinging nettle,Urtica dioica,stinging nettle,Plantae,51884
13034742,59.4358966667,24.69421,stinging nettle,Urtica dioica,stinging nettle,Plantae,51884
13034745,59.4347083333,24.6923216667,stinging nettle,Urtica dioica,stinging nettle,Plantae,51884
13038737,49.6072033333,6.1525766667,Grande ortie,Urtica dioica,stinging nettle,Plantae,51884
13039538,51.3748083333,-0.1711283333,stinging nettle,Urtica dioica,stinging nettle,Plantae,51884
13048997,55.9963138889,-3.4756361111,stinging nettle,Urtica dioica,stinging nettle,Plantae,51884
13075527,55.9552283333,-3.184075,,Urtica dioica,stinging nettle,Plantae,51884
13080727,51.229558,-0.405998,stinging nettle,Urtica dioica,stinging nettle,Plantae,51884
13080759,51.229558,-0.405998,stinging nettle,Urtica dioica,stinging nettle,Plantae,51884
13082097,52.4841414354,13.3242290885,stinging nettle,Urtica dioica,stinging nettle,Plantae,51884
13082586,54.2151633333,-4.4187333333,stinging nettle,Urtica dioica,stinging nettle,Plantae,51884
13100349,41.0082376,28.9783589,Grande ortie,Urtica dioica,stinging nettle,Plantae,51884
13107736,45.6050296,9.2855873,stinging nettle,Urtica dioica,stinging nettle,Plantae,51884
13109211,53.347639,50.499389,stinging nettle,Urtica dioica,stinging nettle,Plantae,51884
13110588,52.54607184,13.64804885,stinging nettle,Urtica dioica,stinging nettle,Plantae,51884
13117342,51.1181678772,-1.3307378292,stinging nettle,Urtica dioica,stinging nettle,Plantae,51884
13121827,52.5165449911,13.4543609619,stinging nettle,Urtica dioica,stinging nettle,Plantae,51884
13137720,54.2824752035,23.741270191,stinging nettle,Urtica dioica,stinging nettle,Plantae,51884
13141783,51.249355,-0.43092,stinging nettle,Urtica dioica,stinging nettle,Plantae,51884
13165832,55.83212854,37.4559084,Крапива,Urtica dioica,stinging nettle,Plantae,51884
13199283,53.80242193,-1.68035068,stinging nettle,Urtica dioica,stinging nettle,Plantae,51884
13204851,51.1833768664,4.8404328246,stinging nettle,Urtica dioica,stinging nettle,Plantae,51884
13224141,46.9678254426,9.683276536,stinging nettle,Urtica dioica,stinging nettle,Plantae,51884
13225295,54.8494015,23.1696171,stinging nettle,Urtica dioica,stinging nettle,Plantae,51884
13232955,48.94717789,9.13774555,stinging nettle,Urtica dioica,stinging nettle,Plantae,51884
13233054,59.67185,17.367099,stinging nettle,Urtica dioica,stinging nettle,Plantae,51884
13234315,50.866944,8.749166,stinging nettle,Urtica dioica,stinging nettle,Plantae,51884
13238663,47.38577333,8.60876072,stinging nettle,Urtica dioica,stinging nettle,Plantae,51884
13244816,51.0124383428,-1.4613904597,stinging nettle,Urtica dioica,stinging nettle,Plantae,51884
13254428,50.77588665,12.9271449833,stinging nettle,Urtica dioica,stinging nettle,Plantae,51884
13257886,48.1198188239,16.2098212741,stinging nettle,Urtica dioica,stinging nettle,Plantae,51884
13260518,66.4983323052,25.7007908052,stinging nettle,Urtica dioica,stinging nettle,Plantae,51884
13264054,51.6430465229,-0.3108697554,stinging nettle,Urtica dioica,stinging nettle,Plantae,51884
13290981,46.3248633333,6.1317361667,stinging nettle,Urtica dioica,stinging nettle,Plantae,51884
13292005,53.67637,6.9624666667,stinging nettle,Urtica dioica,stinging nettle,Plantae,51884
13294486,56.103625,-4.0165527833,stinging nettle,Urtica dioica,stinging nettle,Plantae,51884
13294502,56.1034971667,-4.01665,stinging nettle,Urtica dioica,stinging nettle,Plantae,51884
13302943,51.1168327332,-1.3207778931,stinging nettle,Urtica dioica,stinging nettle,Plantae,51884
13303137,51.118888855,-1.3399982452,stinging nettle,Urtica dioica,stinging nettle,Plantae,51884
13320852,59.9936828809,30.3372342792,stinging nettle,Urtica dioica,stinging nettle,Plantae,51884
13322988,51.0258666667,5.4884583333,stinging nettle,Urtica dioica,stinging nettle,Plantae,51884
13327625,49.8668,6.0483783333,stinging nettle,Urtica dioica,stinging nettle,Plantae,51884
13330103,49.8677766667,6.0454966667,stinging nettle,Urtica dioica,stinging nettle,Plantae,51884
13330122,49.850215,6.0177116667,stinging nettle,Urtica dioica,stinging nettle,Plantae,51884
13333291,57.02296276,9.91385687,stinging nettle,Urtica dioica,stinging nettle,Plantae,51884
13347383,51.0955883333,-2.6137216667,stinging nettle,Urtica dioica,stinging nettle,Plantae,51884
13347399,51.4395433333,-0.3275616667,stinging nettle,Urtica dioica,stinging nettle,Plantae,51884
13347608,50.7096276809,-4.0405864607,stinging nettle,Urtica dioica,stinging nettle,Plantae,51884
13356661,51.0108085279,12.6721820178,Große Brennessel,Urtica dioica,stinging nettle,Plantae,51884
13361879,52.3077671699,-1.9398649437,stinging nettle,Urtica dioica,stinging nettle,Plantae,51884
13388467,51.7543416667,-1.2668083333,stinging nettle,Urtica dioica,stinging nettle,Plantae,51884
13389338,59.3389466667,17.9137133333,stinging nettle,Urtica dioica,stinging nettle,Plantae,51884
13389389,59.930305,30.358938,stinging nettle,Urtica dioica,stinging nettle,Plantae,51884
13399197,56.0149093294,-3.7763176113,stinging nettle,Urtica dioica,stinging nettle,Plantae,51884
13399415,46.4392652785,12.5425070998,ortica,Urtica dioica,stinging nettle,Plantae,51884
13400215,47.2159063,9.6260877,stinging nettle,Urtica dioica,stinging nettle,Plantae,51884
13401515,52.2813611768,4.8700722365,stinging nettle,Urtica dioica,stinging nettle,Plantae,51884
13417857,52.5064457988,13.2683304822,stinging nettle,Urtica dioica,stinging nettle,Plantae,51884
13418862,49.9542636,16.1641685,stinging nettle,Urtica dioica,stinging nettle,Plantae,51884
13421843,51.469836876,-2.617439226,stinging nettle,Urtica dioica,stinging nettle,Plantae,51884
13423173,55.4685329553,12.0738684945,stinging nettle,Urtica dioica,stinging nettle,Plantae,51884
13474263,57.7375566667,47.00619,stinging nettle,Urtica dioica,stinging nettle,Plantae,51884
13474732,51.450251,-0.309583,stinging nettle,Urtica dioica,stinging nettle,Plantae,51884
13475352,55.71034143,12.52630088,stinging nettle,Urtica dioica,stinging nettle,Plantae,51884
13480342,46.4352181596,6.9248601573,stinging nettle,Urtica dioica,stinging nettle,Plantae,51884
13491958,49.0369080556,8.5626430556,stinging nettle,Urtica dioica,stinging nettle,Plantae,51884
13500129,42.63045018,-7.16547967,ortiga,Urtica dioica,stinging nettle,Plantae,51884
13508173,42.6420021057,-7.1338224411,ortiga,Urtica dioica,stinging nettle,Plantae,51884
13509091,68.3550102404,18.8267160114,stinging nettle,Urtica dioica,stinging nettle,Plantae,51884
13511561,49.8461062548,6.0335362709,Grande ortie,Urtica dioica,stinging nettle,Plantae,51884
13517321,55.9969395633,12.2791779774,stinging nettle,Urtica dioica,stinging nettle,Plantae,51884
13521765,55.96839513,37.11599798,stinging nettle,Urtica dioica,stinging nettle,Plantae,51884
13522747,57.109007609,14.0520175278,stinging nettle,Urtica dioica,stinging nettle,Plantae,51884
13528422,49.3611333333,8.228975,stinging nettle,Urtica dioica,stinging nettle,Plantae,51884
13544097,51.7785083333,5.930795,stinging nettle,Urtica dioica,stinging nettle,Plantae,51884
13558133,50.860441,8.736452,stinging nettle,Urtica dioica,stinging nettle,Plantae,51884
13575948,57.0270180675,38.0552482386,Крапива,Urtica dioica,stinging nettle,Plantae,51884
13578057,50.9276416667,4.6905466667,stinging nettle,Urtica dioica,stinging nettle,Plantae,51884
13578202,50.9270883333,4.6888133333,stinging nettle,Urtica dioica,stinging nettle,Plantae,51884
13578518,53.1622100798,34.1155378148,stinging nettle,Urtica dioica,stinging nettle,Plantae,51884
13588371,50.720652,8.981441,stinging nettle,Urtica dioica,stinging nettle,Plantae,51884
13589213,53.2180833333,-4.1624305,stinging nettle,Urtica dioica,stinging nettle,Plantae,51884
13610555,49.8606296598,0.7137713564,Grande ortie,Urtica dioica,stinging nettle,Plantae,51884
13610789,50.3452055964,-3.9934966978,stinging nettle,Urtica dioica,stinging nettle,Plantae,51884
13634634,51.32982,0.0628528333,stinging nettle,Urtica dioica,stinging nettle,Plantae,51884
13634885,51.4496716667,-0.0262916667,stinging nettle,Urtica dioica,stinging nettle,Plantae,51884
13635915,51.056375,6.982605,Grande ortie,Urtica dioica,stinging nettle,Plantae,51884
13670166,52.3324632459,9.0883401968,stinging nettle,Urtica dioica,stinging nettle,Plantae,51884
13683085,56.70283355,-3.72254448,stinging nettle,Urtica dioica,stinging nettle,Plantae,51884
13694844,50.0450744629,19.9298553467,stinging nettle,Urtica dioica,stinging nettle,Plantae,51884
13730392,54.7399644,55.9836217,Крапива,Urtica dioica,stinging nettle,Plantae,51884
13748393,49.9506187293,16.1551563559,stinging nettle,Urtica dioica,stinging nettle,Plantae,51884
13768714,52.296915,1.5923566667,stinging nettle,Urtica dioica,stinging nettle,Plantae,51884
13782868,59.8930549622,17.6227779388,stinging nettle,Urtica dioica,stinging nettle,Plantae,51884
13794318,51.3220666667,0.0272195,stinging nettle,Urtica dioica,stinging nettle,Plantae,51884
13797745,59.8472213745,17.6236114502,stinging nettle,Urtica dioica,stinging nettle,Plantae,51884
13798406,50.8554222,-0.3795996,stinging nettle,Urtica dioica,stinging nettle,Plantae,51884
